

                            [38;2;26;43;21m▄[38;2;58;91;50m▄[48;2;116;117;116m[38;2;68;119;56m▄[48;2;98;98;98m[38;2;86;143;70m▄[48;2;98;98;98m[38;2;100;153;87m▄[48;2;63;65;63m[38;2;102;164;86m▄[48;2;46;49;44m[38;2;98;168;79m▄[48;2;43;45;43m[38;2;91;155;75m▄[48;2;61;62;61m[38;2;78;137;63m▄[48;2;102;101;102m[38;2;64;112;52m▄[0m[38;2;38;67;32m▄[38;2;20;35;16m▄[38;2;10;20;8m▄[38;2;15;21;13m▄[0m
                    [38;2;49;80;41m▄[38;2;73;133;59m▄[48;2;20;21;20m[38;2;91;163;72m▄[48;2;14;27;12m[38;2;96;174;76m▄[48;2;51;92;41m[38;2;98;177;78m▄[48;2;86;155;68m[38;2;98;177;78m▄[48;2;96;173;77m[38;2;98;177;78m▄[48;2;98;177;78m [48;2;98;177;78m [48;2;98;177;78m [48;2;98;177;78m [48;2;98;177;78m [48;2;98;177;78m [48;2;98;177;78m [48;2;98;177;78m [48;2;98;177;78m [48;2;98;177;78m [48;2;98;177;78m [48;2;98;177;78m [48;2;98;177;78m [48;2;98;178;78m[38;2;98;177;78m▄[48;2;97;175;76m[38;2;98;177;78m▄[48;2;93;168;74m[38;2;98;177;78m▄[48;2;99;163;83m[38;2;97;177;77m▄[48;2;99;151;86m[38;2;98;177;78m▄[48;2;35;57;29m[38;2;98;176;78m▄[48;2;19;21;19m[38;2;94;169;75m▄[0m[38;2;70;125;56m▄[0m
             [38;2;42;65;36m▄[38;2;62;106;52m▄[48;2;94;95;94m[38;2;86;152;70m▄[48;2;57;72;53m[38;2;96;174;77m▄[48;2;57;96;47m[38;2;98;177;78m▄[48;2;78;136;62m[38;2;98;177;78m▄[48;2;95;167;76m[38;2;98;177;78m▄[48;2;98;177;78m [48;2;98;177;78m [48;2;98;177;78m [48;2;98;177;78m [48;2;98;177;78m [48;2;98;177;78m [48;2;98;177;78m[38;2;98;176;77m▄[48;2;98;177;78m[38;2;91;165;72m▄[48;2;98;177;78m[38;2;76;137;60m▄[48;2;98;177;78m[38;2;54;97;42m▄[48;2;99;179;79m[38;2;39;71;30m▄[48;2;100;181;79m[38;2;35;60;30m▄[48;2;101;181;81m[38;2;42;66;37m▄[48;2;100;177;80m[38;2;52;73;45m▄[48;2;95;175;76m[38;2;47;75;40m▄[48;2;94;178;73m[38;2;41;75;33m▄[48;2;98;179;78m[38;2;42;73;34m▄[48;2;99;180;79m[38;2;40;70;33m▄[48;2;99;179;78m[38;2;44;75;36m▄[48;2;97;177;77m[38;2;55;93;46m▄[48;2;97;176;77m[38;2;65;113;52m▄[48;2;98;177;78m[38;2;79;141;63m▄[48;2;98;177;78m[38;2;93;166;75m▄[48;2;98;177;78m[38;2;99;177;79m▄[48;2;98;177;78m[38;2;97;177;78m▄[48;2;98;177;78m[38;2;97;177;78m▄[48;2;98;177;78m [48;2;98;177;78m [48;2;94;170;75m[38;2;98;177;78m▄[48;2;71;128;56m[38;2;98;177;78m▄[48;2;34;56;28m[38;2;97;175;77m▄[48;2;64;66;64m[38;2;78;140;62m▄[0m
         [48;2;66;112;54m[38;2;98;177;78m▄[48;2;80;133;66m[38;2;98;177;78m▄[48;2;95;162;76m[38;2;98;177;78m▄[48;2;96;171;76m[38;2;98;177;78m▄[48;2;98;177;78m [48;2;98;177;78m [48;2;98;177;78m [48;2;98;177;78m [48;2;98;177;78m [48;2;98;177;78m[38;2;98;176;78m▄[48;2;98;177;78m [48;2;98;177;78m[38;2;97;176;77m▄[48;2;98;177;78m[38;2;96;174;76m▄[48;2;98;177;78m[38;2;74;130;59m▄[48;2;98;176;78m[38;2;32;49;27m▄[48;2;95;166;76m[38;2;18;29;15m▄[48;2;73;126;59m[38;2;65;113;53m▄[48;2;40;62;34m[38;2;107;209;83m▄[48;2;23;43;19m[38;2;77;220;42m▄[48;2;32;72;22m[38;2;72;218;36m▄[48;2;55;155;30m[38;2;73;217;37m▄[48;2;71;203;38m[38;2;73;217;37m▄[48;2;79;212;46m[38;2;73;218;37m▄[48;2;81;216;48m[38;2;73;218;37m▄[48;2;82;220;48m[38;2;73;218;37m▄[48;2;79;221;44m[38;2;73;218;37m▄[48;2;76;219;40m[38;2;73;218;37m▄[48;2;76;218;40m[38;2;73;218;37m▄[48;2;75;213;41m[38;2;73;218;37m▄[48;2;79;203;48m[38;2;73;218;37m▄[48;2;76;175;52m[38;2;73;218;37m▄[48;2;52;127;33m[38;2;73;218;37m▄[48;2;29;75;18m[38;2;73;217;37m▄[48;2;19;45;12m[38;2;73;218;36m▄[48;2;45;74;38m[38;2;65;196;33m▄[48;2;76;127;62m[38;2;44;132;24m▄[48;2;90;158;72m[38;2;16;45;10m▄[48;2;97;175;77m[38;2;28;50;22m▄[48;2;98;177;78m[38;2;80;145;64m▄[48;2;98;177;78m[38;2;97;175;77m▄[48;2;98;177;78m[38;2;97;176;77m▄[48;2;98;177;78m [48;2;98;177;78m[38;2;98;176;78m▄[48;2;98;177;78m[38;2;98;177;77m▄[48;2;97;173;78m[38;2;98;177;78m▄[48;2;69;114;56m[38;2;98;177;78m▄[48;2;30;38;28m[38;2;103;179;83m▄[0m[38;2;99;149;87m▄[0m
         [48;2;98;177;78m[38;2;98;177;77m▄[48;2;98;177;78m [48;2;98;177;78m [48;2;98;177;78m [48;2;98;177;78m [48;2;98;177;78m[38;2;98;178;78m▄[48;2;98;177;78m[38;2;98;178;78m▄[48;2;98;177;78m[38;2;83;150;66m▄[48;2;98;177;78m[38;2;44;80;34m▄[48;2;99;179;78m[38;2;33;49;28m▄[48;2;87;159;69m[38;2;68;97;61m▄[48;2;46;84;37m[38;2;87;165;68m▄[48;2;25;37;21m[38;2;83;208;52m▄[48;2;59;131;42m[38;2;73;219;37m▄[48;2;74;199;43m[38;2;74;223;37m▄[48;2;72;213;38m[38;2;67;204;35m▄[48;2;73;218;37m[38;2;55;171;29m▄[48;2;72;218;36m[38;2;59;136;22m▄[48;2;72;218;36m[38;2;103;132;15m▄[48;2;73;219;37m[38;2;149;133;9m▄[48;2;72;220;37m[38;2;168;130;7m▄[48;2;73;220;37m[38;2;167;118;5m▄[48;2;72;218;37m[38;2;106;78;4m▄[48;2;69;210;36m[38;2;93;69;4m▄[48;2;66;199;34m[38;2;173;117;4m▄[48;2;63;192;32m[38;2;177;119;4m▄[48;2;62;186;32m[38;2;173;116;4m▄[48;2;61;186;31m[38;2;176;115;4m▄[48;2;63;191;32m[38;2;174;115;4m▄[48;2;67;202;34m[38;2;170;113;4m▄[48;2;70;213;36m[38;2;180;118;3m▄[48;2;72;219;37m[38;2;175;117;4m▄[48;2;73;220;37m[38;2;154;120;7m▄[48;2;73;220;37m[38;2;80;94;11m▄[48;2;73;219;37m[38;2;48;93;15m▄[48;2;73;218;37m[38;2;41;112;19m▄[48;2;72;215;36m[38;2;45;144;25m▄[48;2;64;192;32m[38;2;63;191;32m▄[48;2;32;99;16m[38;2;73;218;37m▄[48;2;21;41;16m[38;2;72;210;38m▄[48;2;38;66;30m[38;2;67;177;41m▄[48;2;79;141;63m[38;2;53;123;36m▄[48;2;98;178;78m[38;2;32;57;25m▄[48;2;98;179;77m[38;2;25;46;20m▄[48;2;97;177;77m[38;2;56;100;46m▄[48;2;98;177;78m[38;2;93;165;75m▄[48;2;97;176;77m[38;2;100;181;80m▄[48;2;98;177;77m[38;2;97;176;76m▄[48;2;97;176;78m[38;2;98;177;78m▄[48;2;99;174;79m[38;2;98;177;78m▄[0m
         [48;2;98;178;78m[38;2;46;76;38m▄[48;2;100;178;80m[38;2;50;69;45m▄[48;2;99;176;80m[38;2;35;46;33m▄[48;2;82;148;65m[38;2;7;9;6m▄[48;2;64;117;50m[38;2;35;54;30m▄[48;2;42;77;34m[38;2;52;107;39m▄[48;2;26;46;21m[38;2;80;194;52m▄[48;2;34;71;26m[38;2;73;216;38m▄[48;2;54;133;35m[38;2;67;192;32m▄[48;2;81;199;52m[38;2;81;158;23m▄[48;2;80;218;46m[38;2;100;110;11m▄[48;2;66;199;33m[38;2;152;98;2m▄[48;2;60;157;26m[38;2;220;129;1m▄[48;2;80;128;18m[38;2;251;145;0m▄[48;2;120;110;9m[38;2;255;147;0m▄[48;2;154;106;4m[38;2;255;147;0m▄[48;2;181;114;2m[38;2;255;147;0m▄[48;2;230;134;0m[38;2;255;147;0m▄[48;2;251;144;0m[38;2;255;147;0m▄[48;2;254;146;0m[38;2;255;147;0m▄[48;2;255;147;0m [48;2;163;94;0m[38;2;134;78;0m▄[48;2;2;1;0m[38;2;58;33;0m▄[48;2;13;7;0m[38;2;133;76;0m▄[48;2;64;38;0m[38;2;12;7;0m▄[48;2;250;144;0m[38;2;234;135;0m▄[48;2;255;147;0m [48;2;255;147;0m [48;2;255;147;0m [48;2;255;147;0m [48;2;255;147;0m [48;2;255;147;0m [48;2;255;147;0m [48;2;249;146;0m[38;2;255;147;0m▄[48;2;239;143;2m[38;2;255;147;0m▄[48;2;223;131;1m[38;2;255;147;0m▄[48;2;192;120;2m[38;2;255;147;0m▄[48;2;130;96;5m[38;2;255;147;0m▄[48;2;82;88;9m[38;2;255;148;0m▄[48;2;62;104;15m[38;2;247;147;1m▄[48;2;49;132;22m[38;2;212;134;3m▄[48;2;57;165;32m[38;2;144;95;3m▄[48;2;53;117;38m[38;2;74;61;8m▄[48;2;50;97;39m[38;2;47;60;21m▄[48;2;35;56;29m[38;2;47;81;33m▄[48;2;17;22;15m[38;2;20;34;19m▄[48;2;31;50;26m[38;2;48;73;42m▄[48;2;55;90;47m[38;2;37;56;33m▄[48;2;78;132;64m[38;2;21;31;18m▄[48;2;95;167;78m[38;2;18;26;16m▄[0m
         [48;2;48;74;43m[38;2;51;78;45m▄[48;2;48;74;43m[38;2;50;76;44m▄[48;2;46;71;42m[38;2;12;17;11m▄[48;2;32;54;28m[38;2;45;93;35m▄[48;2;58;112;46m[38;2;26;45;17m▄[48;2;55;130;37m[38;2;121;83;5m▄[48;2;57;133;27m[38;2;232;138;0m▄[48;2;101;96;8m[38;2;253;146;0m▄[48;2;200;118;1m[38;2;254;147;0m▄[48;2;248;144;0m[38;2;255;147;0m▄[48;2;254;147;0m[38;2;255;147;0m▄[48;2;255;147;0m [48;2;255;147;0m [48;2;255;147;0m [48;2;255;147;0m [48;2;255;147;0m [48;2;255;147;0m [48;2;255;147;0m [48;2;255;147;0m [48;2;255;147;0m [48;2;255;147;0m [48;2;173;100;0m[38;2;210;122;0m▄[48;2;172;100;0m[38;2;76;44;0m▄[48;2;214;123;0m[38;2;153;88;0m▄[48;2;36;21;0m[38;2;162;94;0m▄[48;2;201;116;0m[38;2;20;12;0m▄[48;2;254;147;0m[38;2;238;137;0m▄[48;2;255;147;0m [48;2;255;147;0m [48;2;255;147;0m [48;2;255;147;0m [48;2;255;147;0m [48;2;255;147;0m [48;2;255;147;0m [48;2;255;147;0m [48;2;255;147;0m [48;2;255;147;0m [48;2;255;147;0m [48;2;255;147;0m [48;2;255;147;0m [48;2;255;147;0m [48;2;255;147;0m [48;2;254;147;0m[38;2;255;147;0m▄[48;2;241;143;1m[38;2;255;147;0m▄[48;2;213;125;0m[38;2;255;147;0m▄[48;2;117;73;3m[38;2;252;147;1m▄[48;2;25;36;21m[38;2;94;69;18m▄[48;2;50;77;44m[38;2;39;59;33m▄[48;2;51;78;45m [48;2;51;78;44m[38;2;51;78;45m▄[0m
         [48;2;51;78;45m[38;2;50;76;44m▄[48;2;40;58;34m[38;2;43;36;13m▄[48;2;38;37;6m[38;2;240;143;2m▄[48;2;149;95;6m[38;2;254;147;0m▄[48;2;226;134;1m[38;2;255;147;0m▄[48;2;253;146;0m[38;2;255;147;0m▄[48;2;255;147;0m [48;2;255;147;0m [48;2;255;147;0m [48;2;255;147;0m [48;2;255;147;0m [48;2;255;147;0m [48;2;255;147;0m [48;2;255;147;0m [48;2;255;147;0m [48;2;255;147;0m [48;2;255;147;0m [48;2;255;147;0m [48;2;255;147;0m [48;2;255;147;0m [48;2;255;147;0m[38;2;243;140;0m▄[48;2;116;67;0m[38;2;90;52;0m▄[48;2;237;137;0m[38;2;254;147;0m▄[48;2;248;143;0m[38;2;255;147;0m▄[48;2;250;144;0m[38;2;255;147;0m▄[48;2;45;25;0m[38;2;191;110;0m▄[48;2;64;36;0m[38;2;32;18;0m▄[48;2;245;141;0m[38;2;152;87;0m▄[48;2;255;147;0m [48;2;255;147;0m [48;2;255;147;0m [48;2;255;147;0m [48;2;255;147;0m [48;2;255;147;0m [48;2;255;147;0m [48;2;255;147;0m [48;2;255;147;0m [48;2;255;147;0m [48;2;255;147;0m [48;2;255;147;0m [48;2;255;147;0m [48;2;255;147;0m [48;2;255;147;0m [48;2;255;147;0m [48;2;255;147;0m [48;2;254;147;0m[38;2;255;147;0m▄[48;2;230;140;6m[38;2;254;147;0m▄[48;2;25;21;7m[38;2;143;86;2m▄[48;2;48;74;42m[38;2;39;60;34m▄[48;2;51;78;45m [0m
         [48;2;41;63;37m[38;2;40;47;23m▄[48;2;119;70;1m[38;2;230;135;0m▄[48;2;255;147;0m [48;2;255;147;0m [48;2;255;147;0m [48;2;255;147;0m [48;2;255;147;0m [48;2;255;147;0m [48;2;255;147;0m [48;2;255;147;0m [48;2;255;147;0m [48;2;255;147;0m [48;2;255;147;0m [48;2;255;147;0m [48;2;255;147;0m [48;2;255;147;0m [48;2;255;147;0m [48;2;255;147;0m [48;2;255;147;0m [48;2;255;147;0m [48;2;180;104;0m[38;2;120;68;0m▄[48;2;135;78;0m[38;2;158;91;0m▄[48;2;255;147;0m[38;2;250;145;0m▄[48;2;255;147;0m [48;2;255;147;0m[38;2;254;146;0m▄[48;2;252;145;0m[38;2;209;120;0m▄[48;2;54;31;0m[38;2;61;35;0m▄[48;2;94;54;0m[38;2;159;91;0m▄[48;2;254;146;0m[38;2;244;140;0m▄[48;2;255;147;0m [48;2;255;147;0m [48;2;255;147;0m [48;2;255;147;0m [48;2;255;147;0m [48;2;255;147;0m [48;2;255;147;0m [48;2;255;147;0m [48;2;255;147;0m [48;2;255;147;0m [48;2;255;147;0m [48;2;255;147;0m [48;2;255;147;0m [48;2;255;147;0m [48;2;255;147;0m [48;2;255;147;0m [48;2;255;147;0m [48;2;255;147;0m [48;2;240;144;1m[38;2;255;147;0m▄[48;2;36;40;18m[38;2;70;49;6m▄[48;2;50;78;45m[38;2;45;69;40m▄[0m
         [48;2;65;48;9m[38;2;98;64;6m▄[48;2;255;149;0m[38;2;255;147;0m▄[48;2;255;147;0m [48;2;255;147;0m [48;2;255;147;0m [48;2;255;147;0m [48;2;255;147;0m [48;2;255;147;0m [48;2;255;147;0m [48;2;255;147;0m [48;2;255;147;0m [48;2;255;147;0m [48;2;255;147;0m [48;2;255;147;0m [48;2;255;147;0m [48;2;255;147;0m [48;2;255;147;0m [48;2;255;147;0m [48;2;254;147;0m[38;2;254;146;0m▄[48;2;225;130;0m[38;2;175;100;0m▄[48;2;210;120;0m[38;2;253;146;0m▄[48;2;209;121;0m[38;2;254;147;0m▄[48;2;86;49;0m[38;2;189;109;0m▄[48;2;254;146;0m[38;2;142;81;0m▄[48;2;255;147;0m[38;2;102;59;0m▄[48;2;199;115;0m[38;2;69;40;0m▄[48;2;244;141;0m[38;2;238;138;0m▄[48;2;253;146;0m[38;2;184;105;0m▄[48;2;200;115;0m[38;2;231;134;0m▄[48;2;253;147;0m[38;2;254;146;0m▄[48;2;255;147;0m [48;2;255;147;0m [48;2;255;147;0m [48;2;255;147;0m [48;2;255;147;0m [48;2;255;147;0m [48;2;255;147;0m [48;2;255;147;0m [48;2;255;147;0m [48;2;255;147;0m [48;2;255;147;0m [48;2;255;147;0m [48;2;255;147;0m [48;2;255;147;0m [48;2;255;147;0m [48;2;255;147;0m [48;2;255;147;0m [48;2;255;147;0m [48;2;149;98;7m[38;2;215;132;5m▄[48;2;35;54;32m[38;2;31;42;22m▄[0m
         [48;2;133;82;3m[38;2;153;89;0m▄[48;2;255;147;0m [48;2;255;147;0m [48;2;255;147;0m [48;2;255;147;0m [48;2;255;147;0m [48;2;255;147;0m [48;2;255;147;0m [48;2;255;147;0m [48;2;255;147;0m [48;2;255;147;0m [48;2;255;147;0m [48;2;255;147;0m [48;2;255;147;0m[38;2;255;146;0m▄[48;2;255;147;0m[38;2;255;146;0m▄[48;2;255;147;0m [48;2;255;147;0m[38;2;254;148;0m▄[48;2;255;147;0m[38;2;248;147;0m▄[48;2;254;147;0m[38;2;242;142;0m▄[48;2;204;116;0m[38;2;224;131;0m▄[48;2;200;115;0m[38;2;205;124;1m▄[48;2;199;115;0m[38;2;175;109;2m▄[48;2;172;100;0m[38;2;157;102;2m▄[48;2;168;97;0m[38;2;172;114;3m▄[48;2;206;119;0m[38;2;156;115;5m▄[48;2;215;125;0m[38;2;138;111;7m▄[48;2;180;105;0m[38;2;121;105;8m▄[48;2;233;136;0m[38;2;120;109;8m▄[48;2;254;148;0m[38;2;116;111;9m▄[48;2;254;148;0m[38;2;112;111;10m▄[48;2;255;148;0m[38;2;130;121;10m▄[48;2;254;148;0m[38;2;103;105;10m▄[48;2;254;148;0m[38;2;99;99;9m▄[48;2;254;148;0m[38;2;106;98;8m▄[48;2;254;148;0m[38;2;106;96;8m▄[48;2;255;148;0m[38;2;118;98;7m▄[48;2;255;147;0m[38;2;123;101;7m▄[48;2;255;147;0m[38;2;129;99;6m▄[48;2;255;147;0m[38;2;141;100;5m▄[48;2;255;147;0m[38;2;166;111;4m▄[48;2;255;147;0m[38;2;189;122;4m▄[48;2;255;147;0m[38;2;217;131;1m▄[48;2;255;147;0m[38;2;248;145;0m▄[48;2;255;147;0m[38;2;250;148;0m▄[48;2;255;147;0m[38;2;254;149;0m▄[48;2;255;147;0m [48;2;255;147;0m [48;2;255;147;0m [48;2;249;147;1m[38;2;254;147;0m▄[48;2;47;44;15m[38;2;81;54;7m▄[0m
         [48;2;163;95;0m[38;2;176;103;0m▄[48;2;255;147;0m [48;2;255;147;0m [48;2;255;147;0m [48;2;255;147;0m [48;2;255;147;0m [48;2;255;147;0m [48;2;255;147;0m[38;2;254;147;0m▄[48;2;255;147;0m[38;2;250;144;0m▄[48;2;255;147;0m[38;2;238;146;1m▄[48;2;254;147;0m[38;2;170;117;4m▄[48;2;252;147;0m[38;2;78;65;5m▄[48;2;239;144;1m[38;2;36;71;11m▄[48;2;220;136;2m[38;2;41;122;21m▄[48;2;193;124;2m[38;2;59;179;31m▄[48;2;178;119;4m[38;2;69;210;35m▄[48;2;129;104;6m[38;2;73;219;37m▄[48;2;67;87;10m[38;2;73;219;37m▄[48;2;61;106;15m[38;2;73;218;37m▄[48;2;52;126;21m[38;2;73;218;37m▄[48;2;52;150;25m[38;2;73;218;37m▄[48;2;58;177;30m[38;2;73;218;37m▄[48;2;63;194;33m[38;2;73;218;37m▄[48;2;66;204;34m[38;2;73;218;37m▄[48;2;69;212;36m[38;2;73;218;37m▄[48;2;72;217;36m[38;2;73;218;37m▄[48;2;72;219;37m[38;2;73;218;37m▄[48;2;73;220;37m[38;2;73;218;37m▄[48;2;73;220;37m[38;2;73;218;37m▄[48;2;73;220;37m[38;2;73;218;37m▄[48;2;73;220;37m[38;2;73;218;37m▄[48;2;73;220;37m[38;2;73;218;37m▄[48;2;74;220;37m[38;2;73;218;37m▄[48;2;73;220;37m[38;2;73;218;37m▄[48;2;73;219;37m[38;2;73;218;37m▄[48;2;72;214;36m[38;2;73;218;37m▄[48;2;68;207;35m[38;2;73;218;37m▄[48;2;65;197;34m[38;2;73;218;37m▄[48;2;61;185;32m[38;2;73;218;37m▄[48;2;51;157;27m[38;2;73;218;37m▄[48;2;41;125;21m[38;2;73;218;37m▄[48;2;40;106;18m[38;2;73;218;37m▄[48;2;75;92;10m[38;2;73;218;37m▄[48;2;76;85;10m[38;2;73;219;37m▄[48;2;112;94;7m[38;2;72;216;36m▄[48;2;162;113;5m[38;2;64;194;33m▄[48;2;219;131;0m[38;2;50;152;26m▄[48;2;231;138;1m[38;2;30;65;14m▄[48;2;252;147;0m[38;2;106;71;5m▄[48;2;97;61;4m[38;2;30;31;7m▄[0m
         [48;2;186;108;0m[38;2;185;108;0m▄[48;2;255;147;0m[38;2;254;148;0m▄[48;2;255;147;0m[38;2;247;144;0m▄[48;2;255;147;0m[38;2;188;113;1m▄[48;2;255;147;0m[38;2;110;100;8m▄[48;2;248;147;0m[38;2;72;136;20m▄[48;2;206;124;1m[38;2;62;175;29m▄[48;2;115;81;4m[38;2;67;204;34m▄[48;2;55;92;13m[38;2;72;217;36m▄[48;2;60;157;26m[38;2;73;218;37m▄[48;2;66;195;32m[38;2;73;218;37m▄[48;2;70;212;35m[38;2;73;218;37m▄[48;2;72;215;36m[38;2;73;218;37m▄[48;2;73;217;36m[38;2;73;218;37m▄[48;2;73;218;37m [48;2;73;218;37m [48;2;73;218;37m [48;2;73;218;37m [48;2;73;218;37m [48;2;73;218;37m [48;2;73;218;37m [48;2;73;218;37m [48;2;73;218;37m [48;2;73;218;37m [48;2;73;218;37m [48;2;73;218;37m [48;2;73;218;37m [48;2;73;218;37m [48;2;73;218;37m [48;2;73;218;37m [48;2;73;218;37m [48;2;73;218;37m [48;2;73;218;37m [48;2;73;218;37m [48;2;73;218;37m [48;2;73;218;37m [48;2;73;218;37m [48;2;73;218;37m [48;2;73;218;37m [48;2;73;218;37m [48;2;73;218;37m [48;2;73;218;37m [48;2;73;218;37m [48;2;73;218;37m [48;2;73;218;37m [48;2;73;218;37m [48;2;71;210;37m[38;2;71;214;37m▄[48;2;58;142;37m[38;2;57;136;37m▄[48;2;51;109;39m[38;2;54;109;40m▄[48;2;36;76;26m[38;2;38;71;31m▄[0m
         [48;2;73;63;12m[38;2;24;46;20m▄[48;2;89;67;7m[38;2;54;120;38m▄[48;2;67;119;19m[38;2;66;192;35m▄[48;2;61;177;29m[38;2;73;217;37m▄[48;2;71;213;36m[38;2;73;218;37m▄[48;2;73;218;37m [48;2;73;218;37m [48;2;71;214;35m[38;2;42;129;21m▄[48;2;43;131;22m[38;2;4;10;2m▄[48;2;37;111;19m[38;2;4;10;2m▄[48;2;60;180;30m[38;2;7;22;3m▄[48;2;73;218;37m[38;2;62;187;31m▄[48;2;73;218;37m [48;2;73;218;37m [48;2;73;218;37m [48;2;73;218;37m [48;2;73;218;37m [48;2;73;218;37m [48;2;73;218;37m [48;2;73;218;37m [48;2;73;218;37m [48;2;73;218;37m [48;2;73;218;37m [48;2;73;218;37m [48;2;73;218;37m [48;2;73;218;37m [48;2;73;218;37m [48;2;73;218;37m [48;2;73;218;37m [48;2;73;218;37m [48;2;73;218;37m [48;2;73;218;37m [48;2;73;218;37m [48;2;73;218;37m [48;2;73;218;37m [48;2;73;218;37m[38;2;72;217;36m▄[48;2;69;208;35m[38;2;20;61;10m▄[48;2;43;129;22m[38;2;4;11;2m▄[48;2;38;116;19m[38;2;3;8;1m▄[48;2;64;192;32m[38;2;19;57;10m▄[48;2;73;218;37m[38;2;73;219;37m▄[48;2;73;218;37m [48;2;73;218;37m [48;2;73;218;37m [48;2;73;218;37m [48;2;73;218;37m [48;2;72;214;36m[38;2;71;213;36m▄[48;2;55;130;37m[38;2;55;123;38m▄[48;2;54;108;41m[38;2;56;110;44m▄[48;2;35;60;30m[38;2;35;57;30m▄[0m
         [48;2;37;68;29m[38;2;38;61;33m▄[48;2;58;132;39m[38;2;62;134;45m▄[48;2;64;179;36m[38;2;55;129;37m▄[48;2;72;217;36m[38;2;71;210;36m▄[48;2;73;218;37m [48;2;73;218;37m [48;2;73;218;37m [48;2;27;82;14m[38;2;59;178;30m▄[48;2;4;11;3m[38;2;3;9;1m▄[48;2;0;0;0m[38;2;8;18;4m▄[48;2;1;3;1m[38;2;4;12;2m▄[48;2;36;112;19m[38;2;54;163;27m▄[48;2;73;218;37m [48;2;73;218;37m [48;2;73;218;37m [48;2;73;218;37m [48;2;73;218;37m [48;2;73;218;37m [48;2;73;218;37m [48;2;73;218;37m [48;2;73;218;37m [48;2;73;218;37m [48;2;73;218;37m [48;2;73;218;37m [48;2;73;218;37m [48;2;73;218;37m [48;2;73;218;37m [48;2;73;218;37m [48;2;73;218;37m [48;2;73;218;37m [48;2;73;218;37m [48;2;73;218;37m [48;2;73;218;37m [48;2;73;218;37m [48;2;73;218;37m [48;2;70;210;36m[38;2;72;217;36m▄[48;2;4;11;1m[38;2;9;28;4m▄[48;2;0;0;0m[38;2;6;16;3m▄[48;2;1;3;1m[38;2;6;15;3m▄[48;2;13;39;6m[38;2;32;94;15m▄[48;2;73;218;37m [48;2;73;218;37m [48;2;73;218;37m [48;2;73;218;37m [48;2;73;218;37m [48;2;73;218;37m [48;2;70;207;36m[38;2;67;196;36m▄[48;2;52;110;38m [48;2;57;101;47m[38;2;56;90;47m▄[48;2;36;55;31m[38;2;38;58;33m▄[0m
         [48;2;40;63;35m[38;2;43;67;38m▄[48;2;61;117;48m[38;2;45;80;38m▄[48;2;54;114;39m[38;2;52;110;38m▄[48;2;64;177;36m[38;2;59;150;37m▄[48;2;72;217;36m[38;2;72;214;36m▄[48;2;73;218;37m [48;2;73;218;37m [48;2;72;217;36m[38;2;73;218;37m▄[48;2;61;182;30m[38;2;73;218;37m▄[48;2;45;135;22m[38;2;73;218;37m▄[48;2;58;174;29m[38;2;73;218;37m▄[48;2;72;217;36m[38;2;73;218;37m▄[48;2;73;218;37m [48;2;73;218;37m [48;2;73;218;37m [48;2;73;218;37m [48;2;73;218;37m [48;2;73;218;37m [48;2;73;218;37m [48;2;73;218;37m [48;2;71;212;35m[38;2;72;216;36m▄[48;2;34;101;17m[38;2;11;32;5m▄[48;2;34;101;17m[38;2;1;2;1m▄[48;2;34;98;18m[38;2;1;3;1m▄[48;2;35;101;18m[38;2;1;1;1m▄[48;2;35;100;17m[38;2;1;3;1m▄[48;2;57;170;29m[38;2;56;168;28m▄[48;2;73;218;37m [48;2;73;218;37m [48;2;73;218;37m [48;2;73;218;37m [48;2;73;218;37m [48;2;73;218;37m [48;2;73;218;37m [48;2;73;218;37m [48;2;72;217;36m[38;2;72;218;36m▄[48;2;66;197;33m[38;2;72;217;36m▄[48;2;46;139;23m[38;2;73;217;37m▄[48;2;54;163;27m[38;2;72;217;37m▄[48;2;71;212;36m[38;2;72;217;36m▄[48;2;73;218;37m [48;2;73;218;37m [48;2;73;218;37m [48;2;73;218;37m [48;2;73;218;37m [48;2;72;217;37m[38;2;70;204;36m▄[48;2;60;158;37m[38;2;53;122;37m▄[48;2;52;103;38m[38;2;52;104;40m▄[48;2;33;54;28m[38;2;21;34;18m▄[48;2;46;70;41m[38;2;49;76;44m▄[0m
         [48;2;49;76;44m[38;2;51;78;45m▄[48;2;32;51;28m[38;2;43;65;37m▄[48;2;61;125;45m[38;2;81;124;71m▄[48;2;54;124;38m[38;2;53;113;40m▄[48;2;68;202;36m[38;2;60;156;37m▄[48;2;73;218;37m[38;2;72;215;36m▄[48;2;73;218;37m [48;2;73;218;37m [48;2;73;218;37m[38;2;73;216;37m▄[48;2;73;217;37m[38;2;93;205;61m▄[48;2;79;213;44m[38;2;121;189;95m▄[48;2;85;210;51m[38;2;132;184;108m▄[48;2;82;211;47m[38;2;121;191;93m▄[48;2;73;217;37m[38;2;85;210;52m▄[48;2;73;218;37m[38;2;73;217;37m▄[48;2;73;218;37m [48;2;73;218;37m [48;2;73;218;37m [48;2;73;218;37m [48;2;73;218;37m [48;2;73;218;37m [48;2;37;111;20m[38;2;71;214;36m▄[48;2;1;2;0m[38;2;44;128;22m▄[48;2;2;4;2m[38;2;15;39;8m▄[48;2;1;1;1m[38;2;29;82;14m▄[48;2;13;37;7m[38;2;68;204;34m▄[48;2;70;210;35m[38;2;73;218;37m▄[48;2;73;217;37m[38;2;73;218;37m▄[48;2;73;218;37m [48;2;73;218;37m [48;2;73;218;37m [48;2;73;218;37m [48;2;73;218;37m [48;2;73;218;37m [48;2;73;217;37m[38;2;74;216;38m▄[48;2;82;211;47m[38;2;118;191;90m▄[48;2;100;200;70m[38;2;132;185;108m▄[48;2;103;201;72m[38;2;127;187;101m▄[48;2;98;203;67m[38;2;125;189;100m▄[48;2;85;209;52m[38;2;116;192;88m▄[48;2;73;217;37m[38;2;80;211;44m▄[48;2;73;218;37m [48;2;73;218;37m [48;2;73;218;37m [48;2;72;217;36m[38;2;68;200;35m▄[48;2;63;170;35m[38;2;54;125;36m▄[48;2;51;103;38m[38;2;51;99;38m▄[48;2;49;101;36m[38;2;22;45;17m▄[48;2;30;47;26m[38;2;45;69;39m▄[48;2;51;78;45m [0m
         [48;2;51;78;45m [48;2;49;75;43m[38;2;51;78;45m▄[48;2;30;38;27m[38;2;39;59;35m▄[48;2;63;123;49m[38;2;71;110;62m▄[48;2;54;121;37m[38;2;56;119;40m▄[48;2;68;198;37m[38;2;60;158;37m▄[48;2;73;218;37m[38;2;71;216;36m▄[48;2;73;217;37m[38;2;73;216;38m▄[48;2;91;206;58m[38;2;110;196;81m▄[48;2;122;191;95m[38;2;126;188;100m▄[48;2;128;186;102m[38;2;130;187;104m▄[48;2;140;180;116m[38;2;128;187;103m▄[48;2;126;188;100m[38;2;106;197;76m▄[48;2;96;202;64m[38;2;75;215;39m▄[48;2;73;217;37m[38;2;72;218;36m▄[48;2;73;218;37m [48;2;73;218;37m [48;2;73;218;37m [48;2;73;218;37m [48;2;73;218;37m [48;2;73;218;37m [48;2;73;218;37m [48;2;73;218;37m [48;2;74;220;37m[38;2;73;218;37m▄[48;2;73;218;37m [48;2;73;218;37m [48;2;73;218;37m [48;2;73;218;37m [48;2;73;218;37m [48;2;73;218;37m [48;2;73;218;37m [48;2;73;218;37m [48;2;73;218;37m [48;2;73;218;37m [48;2;74;217;38m[38;2;73;217;37m▄[48;2;114;194;86m[38;2;76;215;40m▄[48;2;142;178;121m[38;2;94;205;62m▄[48;2;150;176;129m[38;2;109;196;81m▄[48;2;142;180;120m[38;2;95;203;63m▄[48;2;116;193;88m[38;2;76;214;41m▄[48;2;78;213;44m[38;2;73;217;37m▄[48;2;73;218;37m[38;2;73;217;37m▄[48;2;73;218;37m[38;2;67;196;36m▄[48;2;71;209;37m[38;2;60;154;36m▄[48;2;59;152;36m[38;2;57;138;37m▄[48;2;52;110;38m[38;2;56;130;37m▄[48;2;51;104;38m[38;2;30;71;21m▄[48;2;20;31;17m[38;2;45;69;39m▄[48;2;50;78;44m[38;2;51;78;45m▄[48;2;51;78;45m [0m
         [48;2;51;78;45m[38;2;28;43;24m▄[48;2;51;78;45m[38;2;43;64;38m▄[48;2;51;78;45m[38;2;52;79;46m▄[48;2;34;53;30m[38;2;46;71;41m▄[48;2;64;124;48m[38;2;49;106;36m▄[48;2;53;115;38m[38;2;57;124;40m▄[48;2;63;175;36m[38;2;55;126;38m▄[48;2;73;217;37m[38;2;66;186;36m▄[48;2;89;208;56m[38;2;73;217;37m▄[48;2;111;195;82m[38;2;75;215;40m▄[48;2;109;197;80m[38;2;74;216;38m▄[48;2;85;209;52m[38;2;73;218;36m▄[48;2;73;216;37m[38;2;73;218;37m▄[48;2;73;218;37m [48;2;73;218;37m [48;2;73;218;37m [48;2;73;218;37m [48;2;73;218;37m [48;2;73;218;37m [48;2;73;218;37m [48;2;73;218;37m [48;2;73;218;37m [48;2;73;218;37m [48;2;73;218;37m [48;2;73;218;37m [48;2;73;218;37m [48;2;73;218;37m [48;2;73;218;37m [48;2;73;218;37m [48;2;73;218;37m [48;2;73;218;37m [48;2;73;218;37m [48;2;73;218;37m [48;2;73;218;37m [48;2;73;218;37m [48;2;73;218;37m [48;2;73;217;37m[38;2;73;218;37m▄[48;2;73;217;37m[38;2;73;218;37m▄[48;2;73;217;36m[38;2;73;218;37m▄[48;2;73;218;37m[38;2;71;214;36m▄[48;2;71;212;36m[38;2;63;172;36m▄[48;2;63;174;35m[38;2;57;138;37m▄[48;2;58;146;36m[38;2;57;137;38m▄[48;2;58;139;37m[38;2;57;138;37m▄[48;2;58;138;37m[38;2;54;128;35m▄[48;2;50;117;34m[38;2;20;44;14m▄[48;2;20;32;17m[38;2;39;61;34m▄[48;2;51;77;44m[38;2;45;69;40m▄[48;2;51;78;45m[38;2;45;69;40m▄[48;2;51;78;45m[38;2;49;75;43m▄[0m
         [48;2;84;151;67m[38;2;98;177;78m▄[48;2;43;80;34m[38;2;98;177;78m▄[48;2;22;39;19m[38;2;98;178;78m▄[48;2;43;67;38m[38;2;81;148;64m▄[48;2;40;70;33m[38;2;44;78;36m▄[48;2;54;127;36m[38;2;21;47;15m▄[48;2;55;120;39m[38;2;54;117;39m▄[48;2;56;133;37m[38;2;59;133;40m▄[48;2;71;211;36m[38;2;61;164;37m▄[48;2;73;217;36m[38;2;71;211;36m▄[48;2;73;218;37m[38;2;72;218;36m▄[48;2;73;218;37m [48;2;73;218;37m [48;2;73;218;37m [48;2;73;218;37m [48;2;73;218;37m [48;2;73;218;37m [48;2;73;218;37m [48;2;73;218;37m [48;2;73;218;37m [48;2;73;218;37m [48;2;73;218;37m [48;2;73;218;37m [48;2;73;218;37m [48;2;73;218;37m [48;2;73;218;37m [48;2;73;218;37m [48;2;73;218;37m [48;2;73;218;37m [48;2;73;218;37m [48;2;73;218;37m [48;2;73;218;37m [48;2;73;218;37m [48;2;73;218;37m [48;2;73;218;37m [48;2;73;218;37m [48;2;73;218;37m[38;2;73;217;37m▄[48;2;73;218;37m[38;2;72;217;36m▄[48;2;73;218;37m[38;2;67;203;34m▄[48;2;68;194;37m[38;2;40;116;21m▄[48;2;58;142;36m[38;2;8;21;5m▄[48;2;49;120;31m[38;2;6;10;5m▄[48;2;25;59;16m[38;2;73;108;65m▄[48;2;15;33;11m[38;2;95;157;79m▄[48;2;12;25;9m[38;2;97;175;77m▄[48;2;21;32;19m[38;2;99;179;79m▄[48;2;23;35;19m[38;2;98;178;78m▄[48;2;20;34;17m[38;2;98;178;78m▄[48;2;13;24;11m[38;2;98;178;78m▄[48;2;16;26;14m[38;2;98;177;78m▄[0m
         [48;2;97;176;77m[38;2;58;103;46m▄[48;2;98;177;78m[38;2;94;170;75m▄[48;2;98;177;78m[38;2;99;179;79m▄[48;2;98;177;78m[38;2;97;176;77m▄[48;2;97;176;77m[38;2;98;177;78m▄[48;2;91;165;72m[38;2;98;177;78m▄[48;2;55;100;44m[38;2;98;177;78m▄[48;2;15;27;10m[38;2;92;168;73m▄[48;2;24;46;18m[38;2;76;138;61m▄[48;2;73;154;53m[38;2;54;96;43m▄[48;2;74;213;39m[38;2;24;48;18m▄[48;2;74;222;37m[38;2;20;55;11m▄[48;2;73;217;37m[38;2;31;91;16m▄[48;2;73;218;37m[38;2;49;145;24m▄[48;2;73;218;37m[38;2;68;201;35m▄[48;2;73;218;37m[38;2;73;217;37m▄[48;2;73;218;37m[38;2;74;220;37m▄[48;2;73;218;37m[38;2;73;219;37m▄[48;2;73;218;37m [48;2;73;218;37m [48;2;73;218;37m [48;2;73;218;37m [48;2;73;218;37m [48;2;73;218;37m [48;2;73;218;37m [48;2;73;218;37m [48;2;73;218;37m [48;2;73;218;37m [48;2;73;218;37m [48;2;73;218;37m [48;2;73;218;37m[38;2;73;220;37m▄[48;2;73;218;37m[38;2;72;214;37m▄[48;2;73;218;37m[38;2;63;187;32m▄[48;2;72;217;36m[38;2;41;120;22m▄[48;2;74;222;36m[38;2;21;52;13m▄[48;2;67;203;34m[38;2;39;62;34m▄[48;2;40;117;21m[38;2;64;103;54m▄[48;2;14;43;7m[38;2;72;126;57m▄[48;2;4;12;2m[38;2;87;156;69m▄[48;2;25;45;21m[38;2;97;174;78m▄[48;2;71;124;57m[38;2;99;177;80m▄[48;2;97;168;78m[38;2;94;170;75m▄[48;2;96;175;77m[38;2;103;177;84m▄[48;2;98;176;79m[38;2;109;183;90m▄[48;2;100;178;80m[38;2;112;185;94m▄[48;2;100;177;80m[38;2;111;184;92m▄[48;2;99;177;80m[38;2;107;182;89m▄[48;2;98;177;78m[38;2;105;182;85m▄[48;2;98;177;78m[38;2;103;180;83m▄[48;2;98;177;78m[38;2;99;177;79m▄[0m
          [38;2;54;79;47m▀[38;2;72;123;60m▀[48;2;97;176;78m[38;2;65;87;60m▄[48;2;98;177;78m[38;2;73;130;59m▄[48;2;98;177;78m[38;2;91;165;72m▄[48;2;98;177;78m [48;2;98;177;78m [48;2;98;177;78m [48;2;96;172;77m[38;2;98;177;78m▄[48;2;82;147;65m[38;2;98;177;78m▄[48;2;66;116;52m[38;2;98;177;78m▄[48;2;46;78;38m[38;2;98;177;78m▄[48;2;27;51;20m[38;2;98;177;78m▄[48;2;28;60;20m[38;2;94;169;74m▄[48;2;28;67;19m[38;2;86;155;69m▄[48;2;34;96;19m[38;2;69;123;54m▄[48;2;42;126;21m[38;2;48;86;39m▄[48;2;51;148;27m[38;2;36;64;28m▄[48;2;55;164;28m[38;2;26;46;20m▄[48;2;60;180;30m[38;2;23;39;18m▄[48;2;62;186;31m[38;2;21;40;17m▄[48;2;61;181;31m[38;2;19;36;16m▄[48;2;67;176;40m[38;2;18;32;14m▄[48;2;63;173;35m[38;2;23;36;19m▄[48;2;56;168;29m[38;2;27;42;23m▄[48;2;53;160;27m[38;2;29;45;24m▄[48;2;44;133;22m[38;2;30;53;25m▄[48;2;34;102;17m[38;2;52;89;43m▄[48;2;20;60;10m[38;2;88;148;71m▄[48;2;24;47;19m[38;2;97;171;78m▄[48;2;34;62;27m[38;2;98;177;78m▄[48;2;55;99;44m[38;2;98;177;78m▄[48;2;80;144;64m[38;2;98;177;78m▄[48;2;99;176;79m[38;2;98;177;78m▄[48;2;98;177;78m [48;2;98;177;78m[38;2;99;177;79m▄[48;2;99;177;79m[38;2;96;172;76m▄[48;2;99;175;79m[38;2;85;151;68m▄[48;2;95;169;76m[38;2;72;121;60m▄[48;2;109;180;92m[38;2;37;57;32m▄[48;2;100;159;85m[38;2;38;41;36m▄[48;2;72;107;62m[38;2;74;74;74m▄[0m[38;2;44;65;38m▀[38;2;31;48;27m▀[38;2;31;48;26m▀[38;2;31;52;25m▀[38;2;41;71;34m▀[38;2;59;97;50m▀[0m
               [38;2;95;106;94m▀[38;2;81;137;65m▀[38;2;91;166;73m▀[48;2;95;174;76m[38;2;61;73;59m▄[48;2;98;177;78m[38;2;33;66;26m▄[48;2;98;177;78m[38;2;81;143;65m▄[48;2;98;177;78m[38;2;102;182;81m▄[48;2;98;177;78m[38;2;97;176;77m▄[48;2;98;177;78m [48;2;98;177;78m [48;2;98;177;78m [48;2;98;177;78m [48;2;98;177;78m [48;2;98;177;78m [48;2;98;178;78m[38;2;98;177;78m▄[48;2;98;179;78m[38;2;98;177;78m▄[48;2;98;179;78m[38;2;98;177;78m▄[48;2;99;179;78m[38;2;98;177;78m▄[48;2;98;179;78m[38;2;98;177;78m▄[48;2;98;178;78m[38;2;98;177;78m▄[48;2;98;178;78m[38;2;98;177;78m▄[48;2;98;178;78m[38;2;98;177;78m▄[48;2;98;179;78m[38;2;98;177;78m▄[48;2;97;177;77m[38;2;98;177;78m▄[48;2;98;177;78m [48;2;98;177;78m [48;2;98;177;78m[38;2;98;176;78m▄[48;2;98;177;78m[38;2;99;179;78m▄[48;2;98;177;78m[38;2;93;169;74m▄[48;2;98;177;78m[38;2;56;106;44m▄[48;2;96;174;77m[38;2;16;31;13m▄[48;2;68;126;54m[38;2;58;58;58m▄[0m[38;2;28;50;23m▀[38;2;20;22;20m▀[0m
                     [38;2;41;52;39m▀[38;2;39;76;30m▀[38;2;73;136;57m▀[48;2;90;162;72m[38;2;96;100;95m▄[48;2;99;175;79m[38;2;60;69;58m▄[48;2;98;177;78m[38;2;46;59;43m▄[48;2;98;177;78m[38;2;32;51;27m▄[48;2;98;178;78m[38;2;28;50;23m▄[48;2;98;178;78m[38;2;28;55;22m▄[48;2;98;178;78m[38;2;35;64;28m▄[48;2;98;177;78m[38;2;41;75;33m▄[48;2;98;177;78m[38;2;50;89;41m▄[48;2;98;177;77m[38;2;54;89;45m▄[48;2;98;177;77m[38;2;53;89;44m▄[48;2;98;177;78m[38;2;49;86;39m▄[48;2;98;177;78m[38;2;45;83;36m▄[48;2;98;177;78m[38;2;40;74;32m▄[48;2;98;177;78m[38;2;35;64;28m▄[48;2;98;178;78m[38;2;39;60;33m▄[48;2;90;163;71m[38;2;55;61;53m▄[0m[38;2;53;97;41m▀[38;2;24;44;19m▀[38;2;36;41;35m▀[0m

    [1;32m/---------------------------------------------------------------------------------\
    |                             [1;34mDo you like PEASS?[1;32m                                  |
    |---------------------------------------------------------------------------------|
    |         [1;33mGet the latest version[1;32m    :     [1;31mhttps://github.com/sponsors/carlospolop[1;32m |
    |         [1;33mFollow on Twitter[1;32m         :     [1;31m@hacktricks_live[1;32m                        |
    |         [1;33mRespect on HTB[1;32m            :     [1;31mSirBroccoli            [1;32m                 |
    |---------------------------------------------------------------------------------|
    |                                 [1;34mThank you! [1;32m                                     |
    \---------------------------------------------------------------------------------/
[1;34m          linpeas-ng [1;33mby carlospolop
[0m
[1;33mADVISORY: [1;34mThis script should be used for authorized penetration testing and/or educational purposes only. Any misuse of this software will not be the responsibility of the author or of any other collaborator. Use it at your own computers and/or with the computer owner's permission.
[0m
[1;34mLinux Privesc Checklist: [1;33mhttps://book.hacktricks.xyz/linux-hardening/linux-privilege-escalation-checklist
[0m [1;4mLEGEND[0m:
  [1;31;103mRED/YELLOW[0m: 95% a PE vector
  [1;31mRED[0m: You should take a look to it
  [1;96mLightCyan[0m: Users with console
  [1;34mBlue[0m: Users without console & mounted devs
  [1;32mGreen[0m: Common things (users, groups, SUID/SGID, mounts, .sh scripts, cronjobs) 
  [1;95mLightMagenta[0m: Your username

 [1;90mStarting linpeas. Caching Writable Folders...[0m

[1;34m                               ╔═══════════════════╗
═══════════════════════════════╣ [1;32mBasic information[1;34m ╠═══════════════════════════════
[1;34m                               ╚═══════════════════╝[0m
[1;37mOS: [0mLinux version 5.4.0-186-generic (buildd@lcy02-amd64-100) (gcc version 9.4.0 (Ubuntu 9.4.0-1ubuntu1~20.04.2)) #206-Ubuntu SMP Fri Apr 26 12:31:10 UTC 2024
[1;37mUser & Groups: [0muid=1000([1;96m[1;95mmarketer[0m[0m) gid=1000([1;96m[1;95mmarketer[0m[0m) groups=1000([1;96m[1;95mmarketer[0m[0m),4[1;31m(adm)[0m,24[1;32m(cdrom)[0m,27[1;31;103m(sudo)[0m,30(dip),46[1;32m(plugdev)[0m,116[1;31;103m([1;34mlxd[0m)[0m
[1;37mHostname: [0mmarketer
[1;37mWritable folder: [0m/dev/shm
[1;33m[+] [1;32m/usr/bin/ping[1;34m is available for network discovery[1;37m (linpeas can discover hosts, learn more with -h)
[0m[1;33m[+] [1;32m/usr/bin/bash[1;34m is available for network discovery, port scanning and port forwarding[1;37m (linpeas can discover hosts, scan ports, and forward ports. Learn more with -h)
[1;33m[+] [1;32m/usr/bin/nc[1;34m is available for network discovery & port scanning[1;37m (linpeas can discover hosts and scan ports, learn more with -h)

[0m

[1;32mCaching directories [0m[1;33mDONE
[0m
[1;34m                              ╔════════════════════╗
══════════════════════════════╣ [1;32mSystem Information[1;34m ╠══════════════════════════════
[1;34m                              ╚════════════════════╝[0m
[1;34m╔══════════╣ [1;32mOperative system
[0m[1;34m╚ [1;34m[3mhttps://book.hacktricks.xyz/linux-hardening/privilege-escalation#kernel-exploits
[0mLinux version 5.4.0-186-generic (buildd@lcy02-amd64-100) (gcc version 9.4.0 (Ubuntu 9.4.0-1ubuntu1~20.04.2)) #206-Ubuntu SMP Fri Apr 26 12:31:10 UTC 2024
Distributor ID:	Ubuntu
Description:	Ubuntu 20.04.5 LTS
Release:	20.04
Codename:	focal

[1;34m╔══════════╣ [1;32mSudo version
[0m[1;34m╚ [1;34m[3mhttps://book.hacktricks.xyz/linux-hardening/privilege-escalation#sudo-version
[0mSudo version [1;31m1.8.31[0m


[1;34m╔══════════╣ [1;32mPATH
[0m[1;34m╚ [1;34m[3mhttps://book.hacktricks.xyz/linux-hardening/privilege-escalation#writable-path-abuses
[0m[1;31;103m/home/marketer/.vscode-server/cli/servers/Stable-89de5a8d4d6205e5b11647eb6a74844ca23d2573/server[0m/bin/remote-cli:/usr/local/sbin:/usr/local/bin:/usr/sbin:/usr/bin:/sbin:/bin:/usr/games:/usr/local/games:/snap/bin

[1;34m╔══════════╣ [1;32mDate & uptime
[0mTue 18 Jun 2024 06:25:44 AM UTC
 06:25:44 up  2:37,  2 users,  load average: 0.13, 0.12, 0.04

[1;34m╔══════════╣ [1;32mAny sd*/disk* disk in /dev? (limit 20)
[0mdisk
sda
sda1
sda2
sda3

[1;34m╔══════════╣ [1;32mUnmounted file-system?
[0m[1;34m╚ [1;34m[3mCheck if you can mount umounted devices
[0m[1;34m/dev/disk/by-id/dm-uuid-LVM-K40n3Zr2xo2IYfL1LwElecktOXz8FnkUD8CwnaR7XxSqX3nZlMTqPqsUI2c4pYZ1[0m [1;34m/[0m ext4 defaults 0 1
[1;34m/dev[0m[1;34m/[0mdisk[1;34m/[0mby-uuid[1;34m/[0me3584b69-b0ac-44a4-bbd3-4160c8b310aa [1;34m/boot[0m ext4 defaults 0 1
[1;34m/[0m[1;32mswap[0m.img	none	[1;32mswap[0m	sw	0	0

[1;34m╔══════════╣ [1;32mEnvironment
[0m[1;34m╚ [1;34m[3mAny private information inside environment variables?
[0mSHELL=/bin/bash
COLORTERM=truecolor
TERM_PROGRAM_VERSION=1.90.0
HISTSIZE=0
[1;31mPWD[0m=/var/www/html/dashboard
LOGNAME=marketer
XDG_SESSION_TYPE=tty
VSCODE_GIT_ASKPASS_NODE=/home/marketer/.vscode-server/cli/servers/Stable-89de5a8d4d6205e5b11647eb6a74844ca23d2573/server/node
MOTD_SHOWN=pam
HOME=/home/marketer
LANG=en_US.UTF-8
HISTFILE=/dev/null
LS_COLORS=rs=0:di=01;34:ln=01;36:mh=00:pi=40;33:so=01;35:do=01;35:bd=40;33;01:cd=40;33;01:or=40;31;01:mi=00:su=37;41:sg=30;43:ca=30;41:tw=30;42:ow=34;42:st=37;44:ex=01;32:*.tar=01;31:*.tgz=01;31:*.arc=01;31:*.arj=01;31:*.taz=01;31:*.lha=01;31:*.lz4=01;31:*.lzh=01;31:*.lzma=01;31:*.tlz=01;31:*.txz=01;31:*.tzo=01;31:*.t7z=01;31:*.zip=01;31:*.z=01;31:*.dz=01;31:*.gz=01;31:*.lrz=01;31:*.lz=01;31:*.lzo=01;31:*.xz=01;31:*.zst=01;31:*.tzst=01;31:*.bz2=01;31:*.bz=01;31:*.tbz=01;31:*.tbz2=01;31:*.tz=01;31:*.deb=01;31:*.rpm=01;31:*.jar=01;31:*.war=01;31:*.ear=01;31:*.sar=01;31:*.rar=01;31:*.alz=01;31:*.ace=01;31:*.zoo=01;31:*.cpio=01;31:*.7z=01;31:*.rz=01;31:*.cab=01;31:*.wim=01;31:*.swm=01;31:*.dwm=01;31:*.esd=01;31:*.jpg=01;35:*.jpeg=01;35:*.mjpg=01;35:*.mjpeg=01;35:*.gif=01;35:*.bmp=01;35:*.pbm=01;35:*.pgm=01;35:*.ppm=01;35:*.tga=01;35:*.xbm=01;35:*.xpm=01;35:*.tif=01;35:*.tiff=01;35:*.png=01;35:*.svg=01;35:*.svgz=01;35:*.mng=01;35:*.pcx=01;35:*.mov=01;35:*.mpg=01;35:*.mpeg=01;35:*.m2v=01;35:*.mkv=01;35:*.webm=01;35:*.ogm=01;35:*.mp4=01;35:*.m4v=01;35:*.mp4v=01;35:*.vob=01;35:*.qt=01;35:*.nuv=01;35:*.wmv=01;35:*.asf=01;35:*.rm=01;35:*.rmvb=01;35:*.flc=01;35:*.avi=01;35:*.fli=01;35:*.flv=01;35:*.gl=01;35:*.dl=01;35:*.xcf=01;35:*.xwd=01;35:*.yuv=01;35:*.cgm=01;35:*.emf=01;35:*.ogv=01;35:*.ogx=01;35:*.aac=00;36:*.au=00;36:*.flac=00;36:*.m4a=00;36:*.mid=00;36:*.midi=00;36:*.mka=00;36:*.mp3=00;36:*.mpc=00;36:*.ogg=00;36:*.ra=00;36:*.wav=00;36:*.oga=00;36:*.opus=00;36:*.spx=00;36:*.xspf=00;36:
SSL_CERT_DIR=/usr/lib/ssl/certs
GIT_ASKPASS=/home/marketer/.vscode-server/cli/servers/Stable-89de5a8d4d6205e5b11647eb6a74844ca23d2573/server/extensions/git/dist/askpass.sh
SSH_CONNECTION=10.14.0.30 57942 10.14.3.210 22
VSCODE_GIT_ASKPASS_EXTRA_ARGS=
LESSCLOSE=/usr/bin/lesspipe %s %s
XDG_SESSION_CLASS=user
TERM=xterm-256color
LESSOPEN=| /usr/bin/lesspipe %s
USER=marketer
VSCODE_GIT_IPC_HANDLE=/run/user/1000/vscode-git-a49701536a.sock
SHLVL=3
XDG_SESSION_ID=4
XDG_RUNTIME_DIR=/run/user/1000
SSL_CERT_FILE=/usr/lib/ssl/certs/ca-certificates.crt
SSH_CLIENT=10.14.0.30 57942 22
VSCODE_GIT_ASKPASS_MAIN=/home/marketer/.vscode-server/cli/servers/Stable-89de5a8d4d6205e5b11647eb6a74844ca23d2573/server/extensions/git/dist/askpass-main.js
XDG_DATA_DIRS=/usr/local/share:/usr/share:/var/lib/snapd/desktop
BROWSER=/home/marketer/.vscode-server/cli/servers/Stable-89de5a8d4d6205e5b11647eb6a74844ca23d2573/server/bin/helpers/browser.sh
PATH=/home/marketer/.vscode-server/cli/servers/Stable-89de5a8d4d6205e5b11647eb6a74844ca23d2573/server/bin/remote-cli:/usr/local/sbin:/usr/local/bin:/usr/sbin:/usr/bin:/sbin:/bin:/usr/games:/usr/local/games:/snap/bin
HISTFILESIZE=0
DBUS_SESSION_BUS_ADDRESS=unix:path=/run/user/1000/bus
OLD[1;31mPWD[0m=/var/www/html
TERM_PROGRAM=vscode
VSCODE_IPC_HOOK_CLI=/run/user/1000/vscode-ipc-48620bc1-e245-4ffd-a83b-c5f4f446daec.sock
_=/usr/bin/env

[1;34m╔══════════╣ [1;32mSearching Signature verification failed in dmesg
[0m[1;34m╚ [1;34m[3mhttps://book.hacktricks.xyz/linux-hardening/privilege-escalation#dmesg-signature-verification-failed
[0m[1;90mdmesg Not Found
[0m
[1;34m╔══════════╣ [1;32mExecuting Linux Exploit Suggester
[0m[1;34m╚ [1;34m[3mhttps://github.com/mzet-/linux-exploit-suggester
[0m[+] [1;31m[CVE-2022-2586] nft_object UAF[0m

   Details: https://www.openwall.com/lists/oss-security/2022/08/29/5
   Exposure: probable
   Tags: [ ubuntu=(20.04) ]{kernel:5.12.13}
   Download URL: https://www.openwall.com/lists/oss-security/2022/08/29/5/1
   Comments: kernel.unprivileged_userns_clone=1 required (to obtain CAP_NET_ADMIN)

[+] [1;31m[CVE-2021-4034] PwnKit[0m

   Details: https://www.qualys.com/2022/01/25/cve-2021-4034/pwnkit.txt
   Exposure: probable
   Tags: [ ubuntu=10|11|12|13|14|15|16|17|18|19|20|21 ],debian=7|8|9|10|11,fedora,manjaro
   Download URL: https://codeload.github.com/berdav/CVE-2021-4034/zip/main

[+] [1;31m[CVE-2021-3156] sudo Baron Samedit[0m

   Details: https://www.qualys.com/2021/01/26/cve-2021-3156/baron-samedit-heap-based-overflow-sudo.txt
   Exposure: probable
   Tags: mint=19,[ ubuntu=18|20 ], debian=10
   Download URL: https://codeload.github.com/blasty/CVE-2021-3156/zip/main

[+] [1;31m[CVE-2021-3156] sudo Baron Samedit 2[0m

   Details: https://www.qualys.com/2021/01/26/cve-2021-3156/baron-samedit-heap-based-overflow-sudo.txt
   Exposure: probable
   Tags: centos=6|7|8,[ ubuntu=14|16|17|18|19|20 ], debian=9|10
   Download URL: https://codeload.github.com/worawit/CVE-2021-3156/zip/main

[+] [1;31m[CVE-2021-22555] Netfilter heap out-of-bounds write[0m

   Details: https://google.github.io/security-research/pocs/linux/cve-2021-22555/writeup.html
   Exposure: probable
   Tags: [ ubuntu=20.04 ]{kernel:5.8.0-*}
   Download URL: https://raw.githubusercontent.com/google/security-research/master/pocs/linux/cve-2021-22555/exploit.c
   ext-url: https://raw.githubusercontent.com/bcoles/kernel-exploits/master/CVE-2021-22555/exploit.c
   Comments: ip_tables kernel module must be loaded

[+] [1;31m[CVE-2022-32250] nft_object UAF (NFT_MSG_NEWSET)[0m

   Details: https://research.nccgroup.com/2022/09/01/settlers-of-netlink-exploiting-a-limited-uaf-in-nf_tables-cve-2022-32250/
https://blog.theori.io/research/CVE-2022-32250-linux-kernel-lpe-2022/
   Exposure: less probable
   Tags: ubuntu=(22.04){kernel:5.15.0-27-generic}
   Download URL: https://raw.githubusercontent.com/theori-io/CVE-2022-32250-exploit/main/exp.c
   Comments: kernel.unprivileged_userns_clone=1 required (to obtain CAP_NET_ADMIN)

[+] [1;31m[CVE-2017-5618] setuid screen v4.5.0 LPE[0m

   Details: https://seclists.org/oss-sec/2017/q1/184
   Exposure: less probable
   Download URL: https://www.exploit-db.com/download/https://www.exploit-db.com/exploits/41154


[1;34m╔══════════╣ [1;32mExecuting Linux Exploit Suggester 2
[0m[1;34m╚ [1;34m[3mhttps://github.com/jondonas/linux-exploit-suggester-2
[0m
[1;34m╔══════════╣ [1;32mProtections
[0m[1;34m═╣ [1;32mAppArmor enabled? .............. [0m[0mYou do not have enough privilege to read the profile set.
apparmor module is loaded.
[1;34m═╣ [1;32mAppArmor profile? .............. [0m[0m[1;31munconfined[0m
[1;34m═╣ [1;32mis linuxONE? ................... [0m[0m[1;90ms390x Not Found
[0m[1;34m═╣ [1;32mgrsecurity present? ............ [0m[0m[1;90mgrsecurity Not Found
[0m[1;34m═╣ [1;32mPaX bins present? .............. [0m[0m[1;90mPaX Not Found
[0m[1;34m═╣ [1;32mExecshield enabled? ............ [0m[0m[1;90mExecshield Not Found
[0m[1;34m═╣ [1;32mSELinux enabled? ............... [0m[0m[1;90msestatus Not Found
[0m[1;34m═╣ [1;32mSeccomp enabled? ............... [0m[0m[1;31mdisabled[0m
[1;34m═╣ [1;32mUser namespace? ................ [0m[0m[1;32menabled[0m
[1;34m═╣ [1;32mCgroup2 enabled? ............... [0m[0m[1;32menabled[0m
[1;34m═╣ [1;32mIs ASLR enabled? ............... [0m[0m[1;32mYes[0m
[1;34m═╣ [1;32mPrinter? ....................... [0m[0m[1;90mNo
[0m[1;34m═╣ [1;32mIs this a virtual machine? ..... [0m[0m[1;31mYes (kvm)[0m

[1;34m                                   ╔═══════════╗
═══════════════════════════════════╣ [1;32mContainer[1;34m ╠═══════════════════════════════════
[1;34m                                   ╚═══════════╝[0m
[1;34m╔══════════╣ [1;32mContainer related tools present (if any):
[0m/snap/bin/lxc
[1;34m╔══════════╣ [1;32mAm I Containered?
[0m[1;34m╔══════════╣ [1;32mContainer details
[0m[1;34m═╣ [1;32mIs this a container? ...........[0m [1;90mNo
[0m[0m[1;34m═╣ [1;32mAny running containers? ........ [0m[0m[1;90mNo
[0m

[1;34m                                     ╔═══════╗
═════════════════════════════════════╣ [1;32mCloud[1;34m ╠═════════════════════════════════════
[1;34m                                     ╚═══════╝[0m
[1;34m═╣ [1;32mGoogle Cloud Platform? ............... [1;32mNo[0m
[0m[0m[1;34m═╣ [1;32mAWS ECS? ............................. [1;32mNo[0m
[0m[0m[1;34m═╣ [1;32mAWS EC2? ............................. [1;32mNo[0m
[0m[0m[1;34m═╣ [1;32mAWS EC2 Beanstalk? ................... [1;32mNo[0m
[0m[0m[1;34m═╣ [1;32mAWS Lambda? .......................... [1;32mNo[0m
[0m[0m[1;34m═╣ [1;32mAWS Codebuild? ....................... [1;32mNo[0m
[0m[0m[1;34m═╣ [1;32mDO Droplet? .......................... [1;32mNo[0m
[0m[0m[1;34m═╣ [1;32mIBM Cloud VM? ........................ [1;32mNo[0m
[0m[0m[1;34m═╣ [1;32mAzure VM? ............................ [1;32mNo[0m
[0m[0m[1;34m═╣ [1;32mAzure APP? ........................... [1;32mNo[0m
[0m[0m


[1;34m                ╔════════════════════════════════════════════════╗
════════════════╣ [1;32mProcesses, Crons, Timers, Services and Sockets[1;34m ╠════════════════
[1;34m                ╚════════════════════════════════════════════════╝[0m
[1;34m╔══════════╣ [1;32mCleaned processes
[0m[1;34m╚ [1;34m[3mCheck weird & unexpected proceses run by root: https://book.hacktricks.xyz/linux-hardening/privilege-escalation#processes
[0m[1;31mroot[0m       54953  0.0  0.0   2488   512 ?        S    06:22   0:00  _ bpfilter_umh
[1;31mroot[0m           1  0.0  0.3 171480 12956 ?        Ss   03:48   0:05 /sbin/init maybe-ubiquity
[1;31mroot[0m         347  0.0  0.3  52268 16444 ?        S<s  03:48   0:00 /lib/systemd/systemd-journald
[1;31mroot[0m         375  0.0  0.1  23096  6620 ?        Ss   03:48   0:00 /lib/systemd/systemd-[1;32mudev[0md
[1;31mroot[0m         511  0.0  0.4 280312 18124 ?        SLsl 03:48   0:00 /sbin/multipathd -d -s
[1;32msystemd+[0m     539  0.0  0.1  90872  6088 ?        Ssl  03:48   0:00 /lib/systemd/systemd-timesyncd
  └─([1;90mCaps[0m) 0x0000000002000000=cap_sys_time
[1;32msystemd+[0m     768  0.0  0.1  27256  7488 ?        Ss   03:48   0:00 /lib/systemd/systemd-networkd
  └─([1;90mCaps[0m) 0x0000000000003c00=[1;31mcap_net_bind_service[0m,cap_net_broadcast,[1;31mcap_net_admin[0m,[1;31mcap_net_raw[0m
[1;32msystemd+[0m     773  0.0  0.2  24528 12148 ?        Ss   03:48   0:00 /lib/systemd/systemd-resolved
[1;31mroot[0m         801  0.0  0.2 238084  9036 ?        Ssl  03:48   0:00 /usr/lib/accountsservice/accounts-[1;34m[1;32mdaemon[0m[0m
[1;31mroot[0m         804  0.0  0.0   5568  2664 ?        Ss   03:48   0:00 /usr/sbin/[1;32mcron[0m -f
[1;32mmessage+[0m     807  0.0  0.1   7656  4844 ?        Ss   03:48   0:00 /usr/[1;34mbin[0m/dbus-daemon --system --address=systemd: --nofork --nopidfile --systemd-activation --syslog-only
  └─([1;90mCaps[0m) 0x0000000020000000=cap_audit_write
[1;31mroot[0m         815  0.0  0.0  81828  3624 ?        Ssl  03:48   0:00 /usr/sbin/irqbalance --foreground
[1;31mroot[0m         816  0.0  0.4  26912 18000 ?        Ss   03:48   0:00 /usr/[1;34mbin[0m/python3 /usr/bin/networkd-dispatcher --run-startup-triggers
[1;31mroot[0m         819  0.0  0.2 236444  8952 ?        Ssl  03:48   0:00 /usr/lib/policykit-1/polkitd --no-debug
[1;34m[1;32msyslog[0m[0m       825  0.0  0.1 224344  4956 ?        Ssl  03:48   0:00 /usr/sbin/rsyslogd -n -iNONE
[1;31mroot[0m         829  0.0  1.0 948348 47176 ?        Ssl  03:48   0:01 /usr/lib/snapd/snapd
[1;31mroot[0m         831  0.0  0.1  17492  7772 ?        Ss   03:48   0:00 /lib/systemd/systemd-logind
[1;31mroot[0m         833  0.0  0.3 395536 13724 ?        Ssl  03:48   0:00 /usr/lib/udisks2/udisksd
[1;34m[1;32mdaemon[0m[0m       838  0.0  0.0   3792  2272 ?        Ss   03:48   0:00 /usr/sbin/atd -f
[1;31mroot[0m         879  0.0  0.3 318824 13484 ?        Ssl  03:48   0:00 /usr/sbin/ModemManager
[1;31mroot[0m         907  0.0  0.0   6016  3888 tty1     Ss   03:48   0:00 /[1;34mbin[0m/login -p --
[1;96m[1;95mmarketer[0m[0m    1583  0.0  0.1   8264  5132 tty1     S    03:49   0:00  _ -bash
[1;31mroot[0m        1600  0.0  0.1   9428  4476 tty1     S    03:49   0:00      _ sudo su
[1;31mroot[0m        1601  0.0  0.0   8372  4100 tty1     S    03:49   0:00          _ su
[1;31mroot[0m        1602  0.0  0.0   7236  3904 tty1     S+   03:49   0:00              _ bash
[1;31mroot[0m         908  0.0  0.4 105164 20160 ?        Ssl  03:48   0:00 /usr/[1;34mbin[0m/python3 /usr/share/unattended-upgrades/unattended-upgrade-shutdown --wait-for-signal
[1;96m[1;95mmarketer[0m[0m   10741  0.0  0.1  13964  6024 ?        S    03:54   0:00  |   _ [1;34msshd[0m: marketer@pts/0
[1;96m[1;95mmarketer[0m[0m   10742  0.0  0.1   8276  5072 pts/0    Ss   03:54   0:00  |       _ -bash
[1;31mroot[0m       10752  0.0  0.1   9420  4536 pts/0    S    03:54   0:00  |           _ sudo su
[1;31mroot[0m       10754  0.0  0.0   8372  4136 pts/0    S    03:54   0:00  |               _ su
[1;31mroot[0m       10755  0.0  0.0   7236  3844 pts/0    S+   03:54   0:00  |                   _ bash
[1;96m[1;95mmarketer[0m[0m   11030  0.0  0.1  14384  6360 ?        S    03:58   0:03      _ [1;34msshd[0m: marketer@notty
[1;96m[1;95mmarketer[0m[0m   11031  0.0  0.0   7104  3648 ?        Ss   03:58   0:00          _ -bash
[1;96m[1;95mmarketer[0m[0m   11036  0.0  0.0   7272  3652 ?        S    03:58   0:00              _ bash
[1;96m[1;95mmarketer[0m[0m   11077  0.0  0.4  35592 19652 ?        Sl   03:58   0:08                  _ [1;31m/home/marketer/.vscode-server[0m/code-89de5a8d4d6205e5b11647eb6a74844ca23d2573 command-shell --cli-data-dir [1;31m/home/marketer/.vscode-server/cli[0m --parent-process-id 11036 --on-port --on-host=127.0.0.1
[1;96m[1;95mmarketer[0m[0m   11116  0.0  0.0   2608   532 ?        S    03:59   0:00                  |   _ sh [1;31m/home/marketer/.vscode-server/cli/servers/Stable-89de5a8d4d6205e5b11647eb6a74844ca23d2573/server[0m/[1;34mbin[0m/code-server --connection-token=remotessh --accept-server-license-terms --start-server --enable-remote-auto-shutdown --socket-path=[1;31m/tmp[0m/code-f78f31f2-e06e-4cb1-beee-f55271201318
[1;96m[1;95mmarketer[0m[0m   11120  0.0  2.3 1346592 99632 ?       Sl   03:59   0:08                  |       _ [1;31m/home/marketer/.vscode-server/cli/servers/Stable-89de5a8d4d6205e5b11647eb6a74844ca23d2573/server[0m/node [1;31m/home/marketer/.vscode-server/cli/servers/Stable-89de5a8d4d6205e5b11647eb6a74844ca23d2573/server[0m/out/server-main.js --connection-token=remotessh --accept-server-license-terms --start-server --enable-remote-auto-shutdown --socket-path=[1;31m/tmp[0m/code-f78f31f2-e06e-4cb1-beee-f55271201318
[1;96m[1;95mmarketer[0m[0m   11146  3.4 11.9 13379448 512244 ?     Sl   03:59   5:02                  |           _ [1;31m/home/marketer/.vscode-server/cli/servers/Stable-89de5a8d4d6205e5b11647eb6a74844ca23d2573/server[0m/node --dns-result-order=ipv4first [1;31m/home/marketer/.vscode-server/cli/servers/Stable-89de5a8d4d6205e5b11647eb6a74844ca23d2573/server[0m/out/bootstrap-fork --type=extensionHost --transformURIs --useHostProxy=false
[1;96m[1;95mmarketer[0m[0m   25273  0.0  2.2 1028232 96668 ?       Sl   04:09   0:00                  |           |   _ [1;31m/home/marketer/.vscode-server/cli/servers/Stable-89de5a8d4d6205e5b11647eb6a74844ca23d2573/server[0m/node [1;31m/home/marketer/.vscode-server/cli/servers/Stable-89de5a8d4d6205e5b11647eb6a74844ca23d2573/server[0m/extensions/html-language-features/server/dist/node/htmlServerMain --node-ipc --clientProcessId=11146
[1;96m[1;95mmarketer[0m[0m   11157  0.0  1.6 1143612 70020 ?       Sl   03:59   0:06                  |           _ [1;31m/home/marketer/.vscode-server/cli/servers/Stable-89de5a8d4d6205e5b11647eb6a74844ca23d2573/server[0m/node [1;31m/home/marketer/.vscode-server/cli/servers/Stable-89de5a8d4d6205e5b11647eb6a74844ca23d2573/server[0m/out/bootstrap-fork --type=ptyHost --logsPath [1;31m/home/marketer/.vscode-server/data/logs/20240618T035903[0m
[1;96m[1;95mmarketer[0m[0m   11192  0.0  0.1   8552  5572 pts/4    Ss   03:59   0:00                  |               _ /usr/[1;34mbin[0m/bash --init-file [1;31m/home/marketer/.vscode-server/cli/servers/Stable-89de5a8d4d6205e5b11647eb6a74844ca23d2573/server[0m/out/vs/workbench/contrib/terminal/browser/media/shellIntegration-bash.sh
[1;96m[1;95mmarketer[0m[0m   79760  0.6  0.1   9020  5680 pts/4    S+   06:25   0:00                  |               |   _ bash linpeas.sh
[1;96m[1;95mmarketer[0m[0m   83050  0.0  0.0   9020  4000 pts/4    S+   06:25   0:00                  |               |       _ bash linpeas.sh
[1;96m[1;95mmarketer[0m[0m   83054  0.0  0.0   9040  3324 pts/4    R+   06:25   0:00                  |               |       |   _ ps faux[1;32mwww[0m
[1;96m[1;95mmarketer[0m[0m   83052  0.0  0.0   9020  3808 pts/4    R+   06:25   0:00                  |               |       _ bash linpeas.sh
[1;96m[1;95mmarketer[0m[0m   83053  0.0  0.0   9020  2536 pts/4    S+   06:25   0:00                  |               |       _ bash linpeas.sh
[1;96m[1;95mmarketer[0m[0m   82996  0.0  0.0   2608   600 ?        S    06:25   0:00                  |               _ /[1;34mbin[0m/sh -c "[1;31m/home/marketer/.vscode-server/cli/servers/Stable-89de5a8d4d6205e5b11647eb6a74844ca23d2573/server[0m/out/vs/base/node/cpuUsage.sh" 11192 79760 82989 82991
[1;96m[1;95mmarketer[0m[0m   82997  0.0  0.0   6892  3224 ?        S    06:25   0:00                  |                   _ /[1;34mbin[0m/bash [1;31m/home/marketer/.vscode-server/cli/servers/Stable-89de5a8d4d6205e5b11647eb6a74844ca23d2573/server[0m/out/vs/base/node/cpuUsage.sh 11192 79760 82989 82991
[1;96m[1;95mmarketer[0m[0m   83003  0.0  0.0   5476   516 ?        S    06:25   0:00                  |                       _ sleep 1
[1;96m[1;95mmarketer[0m[0m   72256  0.0  0.0   5476   580 ?        S    06:22   0:00                  _ sleep 180
[1;96m[1;95mmarketer[0m[0m    1570  0.0  0.2  19188  9748 ?        Ss   03:49   0:00 /lib/systemd/systemd --user
[1;96m[1;95mmarketer[0m[0m    1575  0.0  0.1 105284  4644 ?        S    03:49   0:00  _ (sd-pam)
[1;96m[1;95mmarketer[0m[0m   54677  0.0  0.0   7104  3872 ?        Ss   06:22   0:00  _ /usr/[1;34mbin[0m/dbus-[1;32mdaemon [0m--session --address=systemd: --nofork --nopidfile --systemd-activation --syslog-only
[1;96m[1;95mmarketer[0m[0m   60500  0.0  0.0  82948  3288 ?        SLs  06:22   0:00  _ /usr/[1;34mbin[0m/gpg-agent --supervised
[1;31mroot[0m       10927  0.0  0.1   9516  4460 ?        Ss   03:56   0:00 /usr/[1;34mbin[0m/sudo openvpn /opt/connection/[1;96m[1;95mmarketer[0m[0m.ovpn
[1;31mroot[0m       10928  0.0  0.1  10196  7500 ?        S    03:56   0:04  _ openvpn /opt/connection/[1;96m[1;95mmarketer[0m[0m.ovpn
[1;34mmysql[0m      37545  0.2 10.4 1828024 446980 ?      Ssl  04:27   0:14 /usr/sbin/mysqld
[1;31mroot[0m       39737  0.0  0.6 217512 28568 ?        Ss   04:29   0:00 /usr/sbin/[1;32m[1;31mapache2[0m[0m -k start
[1;34m[1;32mwww-data[0m[0m   39887  0.0  0.7 221264 31008 ?        S    04:29   0:00  _ /usr/sbin/[1;32m[1;31mapache2[0m[0m -k start
[1;34m[1;32mwww-data[0m[0m   41541  0.0  0.7 221268 31860 ?        S    04:45   0:00  _ /usr/sbin/[1;32m[1;31mapache2[0m[0m -k start
[1;34m[1;32mwww-data[0m[0m   41578  0.0  0.7 221244 33820 ?        S    04:56   0:00  _ /usr/sbin/[1;32m[1;31mapache2[0m[0m -k start
[1;34m[1;32mwww-data[0m[0m   42045  0.0  0.7 221244 33144 ?        S    05:02   0:00  _ /usr/sbin/[1;32m[1;31mapache2[0m[0m -k start
[1;34m[1;32mwww-data[0m[0m   42962  0.0  0.7 221268 30224 ?        S    05:08   0:00  _ /usr/sbin/[1;32m[1;31mapache2[0m[0m -k start
[1;34m[1;32mwww-data[0m[0m   43239  0.0  0.7 221324 33424 ?        S    05:27   0:00  _ /usr/sbin/[1;32m[1;31mapache2[0m[0m -k start
[1;34m[1;32mwww-data[0m[0m   48643  0.0  0.4 217952 18572 ?        S    06:14   0:00  _ /usr/sbin/[1;32m[1;31mapache2[0m[0m -k start
[1;34m[1;32mwww-data[0m[0m   48830  0.0  0.4 218040 17820 ?        S    06:15   0:00  _ /usr/sbin/[1;32m[1;31mapache2[0m[0m -k start
[1;34m[1;32mwww-data[0m[0m   48831  0.0  0.3 218088 14052 ?        S    06:15   0:00  _ /usr/sbin/[1;32m[1;31mapache2[0m[0m -k start
[1;34m[1;32mwww-data[0m[0m   48832  0.0  0.4 218048 20136 ?        S    06:15   0:00  _ /usr/sbin/[1;32m[1;31mapache2[0m[0m -k start
[1;31mroot[0m       54698  0.0  0.0   2616  1796 ?        Ss   06:22   0:00 /[1;34mbin[0m/sh /snap/lxd/22753/commands/[1;32mdaemon.[0mstart
[1;31mroot[0m       54910  0.6  1.0 1522988 46644 ?       Sl   06:22   0:01  _ [1;34mlxd[0m --logfile /var/snap/lxd/common/lxd/logs/lxd.log --group lxd
[1;31mroot[0m       54888  0.0  0.0  85608  1864 ?        Sl   06:22   0:00 lxcfs /var/snap/[1;34mlxd[0m/common/var/lib/lxcfs -p /var/snap/lxd/common/lxcfs.pid

[1;34m╔══════════╣ [1;32mBinary processes permissions (non 'root root' and not belonging to current user)
[0m[1;34m╚ [1;34m[3mhttps://book.hacktricks.xyz/linux-hardening/privilege-escalation#processes
[0m 56K -rwxr-xr-x 1 [1;32mroot[0m     root      56K Mar 14  2022 /[1;34mbin[0m/login
   0 lrwxrwxrwx 1 [1;32mroot[0m     root        4 Aug 31  2022 /[1;34mbin[0m/sh -> dash
1.6M -rwxr-xr-x 1 [1;32mroot[0m     root     1.6M Apr 21  2022 /lib/systemd/systemd
160K -rwxr-xr-x 1 [1;32mroot[0m     root     159K Apr 21  2022 /lib/systemd/systemd-journald
264K -rwxr-xr-x 1 [1;32mroot[0m     root     263K Apr 21  2022 /lib/systemd/systemd-logind
2.2M -rwxr-xr-x 1 [1;32mroot[0m     root     2.2M Apr 21  2022 /lib/systemd/systemd-networkd
408K -rwxr-xr-x 1 [1;32mroot[0m     root     407K Apr 21  2022 /lib/systemd/systemd-resolved
 56K -rwxr-xr-x 1 [1;32mroot[0m     root      55K Apr 21  2022 /lib/systemd/systemd-timesyncd
724K -rwxr-xr-x 1 [1;32mroot[0m     root     727K Apr 21  2022 /lib/systemd/systemd-udevd
   0 lrwxrwxrwx 1 [1;32mroot[0m     root       20 Apr 21  2022 /sbin/init -> /lib/systemd/systemd
128K -rwxr-xr-x 1 [1;32mroot[0m     root     127K Apr  6  2020 /sbin/multipathd
1.2M -rwxr-xr-x 1 [1;32mroot[0m     root     1.2M Apr 18  2022 /usr/[1;34mbin[0m/bash
244K -rwxr-xr-x 1 [1;32mroot[0m     root     244K Apr 29  2022 /usr/[1;34mbin[0m/dbus-daemon
412K -rwxr-xr-x 1 [1;32mroot[0m     root     410K Jul  4  2022 /usr/[1;34mbin[0m/gpg-agent
   0 lrwxrwxrwx 1 [1;32mroot[0m     root        9 Mar 13  2020 /usr/[1;34mbin[0m/python3 -> python3.8
164K -rwsr-xr-x 1 [1;32mroot[0m     root     163K Jan 19  2021 /usr/[1;34mbin[0m/sudo
200K -rwxr-xr-x 1 [1;32mroot[0m     root     199K Nov  9  2021 /usr/lib/accountsservice/accounts-[1;34m[1;32mdaemon[0m[0m
120K -rwxr-xr-x 1 [1;32mroot[0m     root     119K Feb 21  2022 /usr/lib/policykit-1/polkitd
 29M -rwxr-xr-x 1 [1;32mroot[0m     root      31M May 11  2022 /usr/lib/snapd/snapd
472K -rwxr-xr-x 1 [1;32mroot[0m     root     472K Sep  6  2021 /usr/lib/udisks2/udisksd
696K -rwxr-xr-x 1 [1;32mroot[0m     root     693K Apr 10 17:46 /usr/sbin/apache2
 32K -rwxr-xr-x 1 [1;32mroot[0m     root      31K Nov 12  2018 /usr/sbin/atd
 56K -rwxr-xr-x 1 [1;32mroot[0m     root      55K Feb 13  2020 /usr/sbin/cron
 64K -rwxr-xr-x 1 [1;32mroot[0m     root      63K Feb 13  2020 /usr/sbin/irqbalance
1.9M -rwxr-xr-x 1 [1;32mroot[0m     root     1.9M Apr  8  2022 /usr/sbin/ModemManager
 65M -rwxr-xr-x 1 [1;32mroot[0m     root      65M May 22 16:16 /usr/sbin/mysqld
712K -rwxr-xr-x 1 [1;32mroot[0m     root     711K May  3  2022 /usr/sbin/r[1;32msyslog[0md

[1;34m╔══════════╣ [1;32mProcesses whose PPID belongs to a different user (not root)
[0m[1;34m╚ [1;34m[3mYou will know if a user can somehow spawn processes as a different user
[0mProc 539 with ppid 1 is run by user [1;34msystemd-timesync[0m but the ppid user is [1;31mroot[0m
Proc 768 with ppid 1 is run by user [1;34msystemd-network[0m but the ppid user is [1;31mroot[0m
Proc 773 with ppid 1 is run by user [1;34msystemd-resolve[0m but the ppid user is [1;31mroot[0m
Proc 807 with ppid 1 is run by user [1;34mmessagebus[0m but the ppid user is [1;31mroot[0m
Proc 825 with ppid 1 is run by user [1;34msyslog[0m but the ppid user is [1;31mroot[0m
Proc 838 with ppid 1 is run by user [1;34mdaemon[0m but the ppid user is [1;31mroot[0m
Proc 1570 with ppid 1 is run by user [1;96m[1;95mmarketer[0m[0m but the ppid user is [1;31mroot[0m
Proc 1583 with ppid 907 is run by user [1;96m[1;95mmarketer[0m[0m but the ppid user is [1;31mroot[0m
Proc 10741 with ppid 10644 is run by user [1;96m[1;95mmarketer[0m[0m but the ppid user is [1;31mroot[0m
Proc 11030 with ppid 10936 is run by user [1;96m[1;95mmarketer[0m[0m but the ppid user is [1;31mroot[0m
Proc 37545 with ppid 1 is run by user [1;34mmysql[0m but the ppid user is [1;31mroot[0m
Proc 39887 with ppid 39737 is run by user [1;34mwww-data[0m but the ppid user is [1;31mroot[0m
Proc 41541 with ppid 39737 is run by user [1;34mwww-data[0m but the ppid user is [1;31mroot[0m
Proc 41578 with ppid 39737 is run by user [1;34mwww-data[0m but the ppid user is [1;31mroot[0m
Proc 42045 with ppid 39737 is run by user [1;34mwww-data[0m but the ppid user is [1;31mroot[0m
Proc 42962 with ppid 39737 is run by user [1;34mwww-data[0m but the ppid user is [1;31mroot[0m
Proc 43239 with ppid 39737 is run by user [1;34mwww-data[0m but the ppid user is [1;31mroot[0m
Proc 48643 with ppid 39737 is run by user [1;34mwww-data[0m but the ppid user is [1;31mroot[0m
Proc 48830 with ppid 39737 is run by user [1;34mwww-data[0m but the ppid user is [1;31mroot[0m
Proc 48831 with ppid 39737 is run by user [1;34mwww-data[0m but the ppid user is [1;31mroot[0m
Proc 48832 with ppid 39737 is run by user [1;34mwww-data[0m but the ppid user is [1;31mroot[0m

[1;34m╔══════════╣ [1;32mFiles opened by processes belonging to other users
[0m[1;34m╚ [1;34m[3mThis is usually empty because of the lack of privileges to read other user processes information
[0mCOMMAND     PID   TID TASKCMD               USER   FD      TYPE             DEVICE SIZE/OFF       NODE NAME

[1;34m╔══════════╣ [1;32mProcesses with credentials in memory (root req)
[0m[1;34m╚ [1;34m[3mhttps://book.hacktricks.xyz/linux-hardening/privilege-escalation#credentials-from-process-memory
[0m[1;90mgdm-password Not Found
[0m[1;90mgnome-keyring-daemon Not Found
[0m[1;90mlightdm Not Found
[0m[1;90mvsftpd Not Found
[0m[1;31mapache2[0m process found (dump creds from memory as root)
[1;31msshd:[0m process found (dump creds from memory as root)

[1;34m╔══════════╣ [1;32mCron jobs
[0m[1;34m╚ [1;34m[3mhttps://book.hacktricks.xyz/linux-hardening/privilege-escalation#scheduled-cron-jobs
[0m/usr/bin/crontab
[1;90mincrontab Not Found
[0m[1;32m[0m-[1;32m[0mr[1;32m[0mw[1;32m[0m-[1;32m[0mr[1;32m[0m-[1;32m[0m-[1;32m[0mr[1;32m[0m-[1;32m[0m-[1;32m[0m [1;32m[0m1[1;32m[0m [1;32m[0mr[1;32m[0mo[1;32m[0mo[1;32m[0mt[1;32m[0m [1;32m[0mr[1;32m[0mo[1;32m[0mo[1;32m[0mt[1;32m[0m [1;32m[0m [1;32m[0m [1;32m[0m [1;32m[0m1[1;32m[0m0[1;32m[0m4[1;32m[0m2[1;32m[0m [1;32m[0mF[1;32m[0me[1;32m[0mb[1;32m[0m [1;32m[0m1[1;32m[0m3[1;32m[0m [1;32m[0m [1;32m[0m2[1;32m[0m0[1;32m[0m2[1;32m[0m0[1;32m[0m [1;32m[0m/[1;32m[0me[1;32m[0mt[1;32m[0mc[1;32m[0m/[1;32m[0mc[1;32m[0mr[1;32m[0mo[1;32m[0mn[1;32m[0mt[1;32m[0ma[1;32m[0mb[1;32m[0m
[1;32m[0m
[1;32m[0m/[1;32m[0me[1;32m[0mt[1;32m[0mc[1;32m[0m/[1;32m[0mc[1;32m[0mr[1;32m[0mo[1;32m[0mn[1;32m[0m.[1;32m[0md[1;32m[0m:[1;32m[0m
[1;32m[0mt[1;32m[0mo[1;32m[0mt[1;32m[0ma[1;32m[0ml[1;32m[0m [1;32m[0m2[1;32m[0m4[1;32m[0m
[1;32m[0md[1;32m[0mr[1;32m[0mw[1;32m[0mx[1;32m[0mr[1;32m[0m-[1;32m[0mx[1;32m[0mr[1;32m[0m-[1;32m[0mx[1;32m[0m [1;32m[0m [1;32m[0m [1;32m[0m2[1;32m[0m [1;32m[0mr[1;32m[0mo[1;32m[0mo[1;32m[0mt[1;32m[0m [1;32m[0mr[1;32m[0mo[1;32m[0mo[1;32m[0mt[1;32m[0m [1;32m[0m4[1;32m[0m0[1;32m[0m9[1;32m[0m6[1;32m[0m [1;32m[0mJ[1;32m[0mu[1;32m[0mn[1;32m[0m [1;32m[0m1[1;32m[0m8[1;32m[0m [1;32m[0m0[1;32m[0m3[1;32m[0m:[1;32m[0m5[1;32m[0m2[1;32m[0m [1;32m[0m.[1;32m[0m
[1;32m[0md[1;32m[0mr[1;32m[0mw[1;32m[0mx[1;32m[0mr[1;32m[0m-[1;32m[0mx[1;32m[0mr[1;32m[0m-[1;32m[0mx[1;32m[0m [1;32m[0m1[1;32m[0m0[1;32m[0m9[1;32m[0m [1;32m[0mr[1;32m[0mo[1;32m[0mo[1;32m[0mt[1;32m[0m [1;32m[0mr[1;32m[0mo[1;32m[0mo[1;32m[0mt[1;32m[0m [1;32m[0m4[1;32m[0m0[1;32m[0m9[1;32m[0m6[1;32m[0m [1;32m[0mJ[1;32m[0mu[1;32m[0mn[1;32m[0m [1;32m[0m1[1;32m[0m8[1;32m[0m [1;32m[0m0[1;32m[0m4[1;32m[0m:[1;32m[0m2[1;32m[0m8[1;32m[0m [1;32m[0m.[1;32m[0m.[1;32m[0m
[1;32m[0m-[1;32m[0mr[1;32m[0mw[1;32m[0m-[1;32m[0mr[1;32m[0m-[1;32m[0m-[1;32m[0mr[1;32m[0m-[1;32m[0m-[1;32m[0m [1;32m[0m [1;32m[0m [1;32m[0m1[1;32m[0m [1;32m[0mr[1;32m[0mo[1;32m[0mo[1;32m[0mt[1;32m[0m [1;32m[0mr[1;32m[0mo[1;32m[0mo[1;32m[0mt[1;32m[0m [1;32m[0m [1;32m[0m2[1;32m[0m0[1;32m[0m1[1;32m[0m [1;32m[0mF[1;32m[0me[1;32m[0mb[1;32m[0m [1;32m[0m1[1;32m[0m4[1;32m[0m [1;32m[0m [1;32m[0m2[1;32m[0m0[1;32m[0m2[1;32m[0m0[1;32m[0m [1;32me2scrub_all[0m
[1;32m[0m-[1;32m[0mr[1;32m[0mw[1;32m[0m-[1;32m[0mr[1;32m[0m-[1;32m[0m-[1;32m[0mr[1;32m[0m-[1;32m[0m-[1;32m[0m [1;32m[0m [1;32m[0m [1;32m[0m1[1;32m[0m [1;32m[0mr[1;32m[0mo[1;32m[0mo[1;32m[0mt[1;32m[0m [1;32m[0mr[1;32m[0mo[1;32m[0mo[1;32m[0mt[1;32m[0m [1;32m[0m [1;32m[0m7[1;32m[0m1[1;32m[0m2[1;32m[0m [1;32m[0mM[1;32m[0ma[1;32m[0mr[1;32m[0m [1;32m[0m2[1;32m[0m7[1;32m[0m [1;32m[0m [1;32m[0m2[1;32m[0m0[1;32m[0m2[1;32m[0m0[1;32m[0m [1;32mphp[0m
[1;32m[0m-[1;32m[0mr[1;32m[0mw[1;32m[0m-[1;32m[0mr[1;32m[0m-[1;32m[0m-[1;32m[0mr[1;32m[0m-[1;32m[0m-[1;32m[0m [1;32m[0m [1;32m[0m [1;32m[0m1[1;32m[0m [1;32m[0mr[1;32m[0mo[1;32m[0mo[1;32m[0mt[1;32m[0m [1;32m[0mr[1;32m[0mo[1;32m[0mo[1;32m[0mt[1;32m[0m [1;32m[0m [1;32m[0m1[1;32m[0m0[1;32m[0m2[1;32m[0m [1;32m[0mF[1;32m[0me[1;32m[0mb[1;32m[0m [1;32m[0m1[1;32m[0m3[1;32m[0m [1;32m[0m [1;32m[0m2[1;32m[0m0[1;32m[0m2[1;32m[0m0[1;32m[0m [1;32m.placeholder[0m
[1;32m[0m-[1;32m[0mr[1;32m[0mw[1;32m[0m-[1;32m[0mr[1;32m[0m-[1;32m[0m-[1;32m[0mr[1;32m[0m-[1;32m[0m-[1;32m[0m [1;32m[0m [1;32m[0m [1;32m[0m1[1;32m[0m [1;32m[0mr[1;32m[0mo[1;32m[0mo[1;32m[0mt[1;32m[0m [1;32m[0mr[1;32m[0mo[1;32m[0mo[1;32m[0mt[1;32m[0m [1;32m[0m [1;32m[0m1[1;32m[0m9[1;32m[0m0[1;32m[0m [1;32m[0mA[1;32m[0mu[1;32m[0mg[1;32m[0m [1;32m[0m3[1;32m[0m1[1;32m[0m [1;32m[0m [1;32m[0m2[1;32m[0m0[1;32m[0m2[1;32m[0m2[1;32m[0m [1;32mpopularity-contest[0m
[1;32m[0m
[1;32m[0m/[1;32m[0me[1;32m[0mt[1;32m[0mc[1;32m[0m/[1;32m[0mc[1;32m[0mr[1;32m[0mo[1;32m[0mn[1;32m[0m.[1;32m[0md[1;32m[0ma[1;32m[0mi[1;32m[0ml[1;32m[0my[1;32m[0m:[1;32m[0m
[1;32m[0mt[1;32m[0mo[1;32m[0mt[1;32m[0ma[1;32m[0ml[1;32m[0m [1;32m[0m5[1;32m[0m2[1;32m[0m
[1;32m[0md[1;32m[0mr[1;32m[0mw[1;32m[0mx[1;32m[0mr[1;32m[0m-[1;32m[0mx[1;32m[0mr[1;32m[0m-[1;32m[0mx[1;32m[0m [1;32m[0m [1;32m[0m [1;32m[0m2[1;32m[0m [1;32m[0mr[1;32m[0mo[1;32m[0mo[1;32m[0mt[1;32m[0m [1;32m[0mr[1;32m[0mo[1;32m[0mo[1;32m[0mt[1;32m[0m [1;32m[0m4[1;32m[0m0[1;32m[0m9[1;32m[0m6[1;32m[0m [1;32m[0mJ[1;32m[0mu[1;32m[0mn[1;32m[0m [1;32m[0m1[1;32m[0m8[1;32m[0m [1;32m[0m0[1;32m[0m3[1;32m[0m:[1;32m[0m5[1;32m[0m3[1;32m[0m [1;32m[0m.[1;32m[0m
[1;32m[0md[1;32m[0mr[1;32m[0mw[1;32m[0mx[1;32m[0mr[1;32m[0m-[1;32m[0mx[1;32m[0mr[1;32m[0m-[1;32m[0mx[1;32m[0m [1;32m[0m1[1;32m[0m0[1;32m[0m9[1;32m[0m [1;32m[0mr[1;32m[0mo[1;32m[0mo[1;32m[0mt[1;32m[0m [1;32m[0mr[1;32m[0mo[1;32m[0mo[1;32m[0mt[1;32m[0m [1;32m[0m4[1;32m[0m0[1;32m[0m9[1;32m[0m6[1;32m[0m [1;32m[0mJ[1;32m[0mu[1;32m[0mn[1;32m[0m [1;32m[0m1[1;32m[0m8[1;32m[0m [1;32m[0m0[1;32m[0m4[1;32m[0m:[1;32m[0m2[1;32m[0m8[1;32m[0m [1;32m[0m.[1;32m[0m.[1;32m[0m
[1;32m[0m-[1;32m[0mr[1;32m[0mw[1;32m[0mx[1;32m[0mr[1;32m[0m-[1;32m[0mx[1;32m[0mr[1;32m[0m-[1;32m[0mx[1;32m[0m [1;32m[0m [1;32m[0m [1;32m[0m1[1;32m[0m [1;32m[0mr[1;32m[0mo[1;32m[0mo[1;32m[0mt[1;32m[0m [1;32m[0mr[1;32m[0mo[1;32m[0mo[1;32m[0mt[1;32m[0m [1;32m[0m [1;32m[0m5[1;32m[0m3[1;32m[0m9[1;32m[0m [1;32m[0mD[1;32m[0me[1;32m[0mc[1;32m[0m [1;32m[0m [1;32m[0m4[1;32m[0m [1;32m[0m [1;32m[0m2[1;32m[0m0[1;32m[0m2[1;32m[0m3[1;32m[0m [1;32mapache2[0m
[1;32m[0m-[1;32m[0mr[1;32m[0mw[1;32m[0mx[1;32m[0mr[1;32m[0m-[1;32m[0mx[1;32m[0mr[1;32m[0m-[1;32m[0mx[1;32m[0m [1;32m[0m [1;32m[0m [1;32m[0m1[1;32m[0m [1;32m[0mr[1;32m[0mo[1;32m[0mo[1;32m[0mt[1;32m[0m [1;32m[0mr[1;32m[0mo[1;32m[0mo[1;32m[0mt[1;32m[0m [1;32m[0m [1;32m[0m3[1;32m[0m7[1;32m[0m6[1;32m[0m [1;32m[0mD[1;32m[0me[1;32m[0mc[1;32m[0m [1;32m[0m [1;32m[0m4[1;32m[0m [1;32m[0m [1;32m[0m2[1;32m[0m0[1;32m[0m1[1;32m[0m9[1;32m[0m [1;32mapport[0m
[1;32m[0m-[1;32m[0mr[1;32m[0mw[1;32m[0mx[1;32m[0mr[1;32m[0m-[1;32m[0mx[1;32m[0mr[1;32m[0m-[1;32m[0mx[1;32m[0m [1;32m[0m [1;32m[0m [1;32m[0m1[1;32m[0m [1;32m[0mr[1;32m[0mo[1;32m[0mo[1;32m[0mt[1;32m[0m [1;32m[0mr[1;32m[0mo[1;32m[0mo[1;32m[0mt[1;32m[0m [1;32m[0m1[1;32m[0m4[1;32m[0m7[1;32m[0m8[1;32m[0m [1;32m[0mA[1;32m[0mp[1;32m[0mr[1;32m[0m [1;32m[0m [1;32m[0m9[1;32m[0m [1;32m[0m [1;32m[0m2[1;32m[0m0[1;32m[0m2[1;32m[0m0[1;32m[0m [1;32mapt-compat[0m
[1;32m[0m-[1;32m[0mr[1;32m[0mw[1;32m[0mx[1;32m[0mr[1;32m[0m-[1;32m[0mx[1;32m[0mr[1;32m[0m-[1;32m[0mx[1;32m[0m [1;32m[0m [1;32m[0m [1;32m[0m1[1;32m[0m [1;32m[0mr[1;32m[0mo[1;32m[0mo[1;32m[0mt[1;32m[0m [1;32m[0mr[1;32m[0mo[1;32m[0mo[1;32m[0mt[1;32m[0m [1;32m[0m [1;32m[0m3[1;32m[0m5[1;32m[0m5[1;32m[0m [1;32m[0mD[1;32m[0me[1;32m[0mc[1;32m[0m [1;32m[0m2[1;32m[0m9[1;32m[0m [1;32m[0m [1;32m[0m2[1;32m[0m0[1;32m[0m1[1;32m[0m7[1;32m[0m [1;32mbsdmainutils[0m
[1;32m[0m-[1;32m[0mr[1;32m[0mw[1;32m[0mx[1;32m[0mr[1;32m[0m-[1;32m[0mx[1;32m[0mr[1;32m[0m-[1;32m[0mx[1;32m[0m [1;32m[0m [1;32m[0m [1;32m[0m1[1;32m[0m [1;32m[0mr[1;32m[0mo[1;32m[0mo[1;32m[0mt[1;32m[0m [1;32m[0mr[1;32m[0mo[1;32m[0mo[1;32m[0mt[1;32m[0m [1;32m[0m1[1;32m[0m1[1;32m[0m8[1;32m[0m7[1;32m[0m [1;32m[0mS[1;32m[0me[1;32m[0mp[1;32m[0m [1;32m[0m [1;32m[0m5[1;32m[0m [1;32m[0m [1;32m[0m2[1;32m[0m0[1;32m[0m1[1;32m[0m9[1;32m[0m [1;32mdpkg[0m
[1;32m[0m-[1;32m[0mr[1;32m[0mw[1;32m[0mx[1;32m[0mr[1;32m[0m-[1;32m[0mx[1;32m[0mr[1;32m[0m-[1;32m[0mx[1;32m[0m [1;32m[0m [1;32m[0m [1;32m[0m1[1;32m[0m [1;32m[0mr[1;32m[0mo[1;32m[0mo[1;32m[0mt[1;32m[0m [1;32m[0mr[1;32m[0mo[1;32m[0mo[1;32m[0mt[1;32m[0m [1;32m[0m [1;32m[0m3[1;32m[0m7[1;32m[0m7[1;32m[0m [1;32m[0mJ[1;32m[0ma[1;32m[0mn[1;32m[0m [1;32m[0m2[1;32m[0m1[1;32m[0m [1;32m[0m [1;32m[0m2[1;32m[0m0[1;32m[0m1[1;32m[0m9[1;32m[0m [1;32mlogrotate[0m
[1;32m[0m-[1;32m[0mr[1;32m[0mw[1;32m[0mx[1;32m[0mr[1;32m[0m-[1;32m[0mx[1;32m[0mr[1;32m[0m-[1;32m[0mx[1;32m[0m [1;32m[0m [1;32m[0m [1;32m[0m1[1;32m[0m [1;32m[0mr[1;32m[0mo[1;32m[0mo[1;32m[0mt[1;32m[0m [1;32m[0mr[1;32m[0mo[1;32m[0mo[1;32m[0mt[1;32m[0m [1;32m[0m1[1;32m[0m1[1;32m[0m2[1;32m[0m3[1;32m[0m [1;32m[0mF[1;32m[0me[1;32m[0mb[1;32m[0m [1;32m[0m2[1;32m[0m5[1;32m[0m [1;32m[0m [1;32m[0m2[1;32m[0m0[1;32m[0m2[1;32m[0m0[1;32m[0m [1;32mman-db[0m
[1;32m[0m-[1;32m[0mr[1;32m[0mw[1;32m[0m-[1;32m[0mr[1;32m[0m-[1;32m[0m-[1;32m[0mr[1;32m[0m-[1;32m[0m-[1;32m[0m [1;32m[0m [1;32m[0m [1;32m[0m1[1;32m[0m [1;32m[0mr[1;32m[0mo[1;32m[0mo[1;32m[0mt[1;32m[0m [1;32m[0mr[1;32m[0mo[1;32m[0mo[1;32m[0mt[1;32m[0m [1;32m[0m [1;32m[0m1[1;32m[0m0[1;32m[0m2[1;32m[0m [1;32m[0mF[1;32m[0me[1;32m[0mb[1;32m[0m [1;32m[0m1[1;32m[0m3[1;32m[0m [1;32m[0m [1;32m[0m2[1;32m[0m0[1;32m[0m2[1;32m[0m0[1;32m[0m [1;32m.placeholder[0m
[1;32m[0m-[1;32m[0mr[1;32m[0mw[1;32m[0mx[1;32m[0mr[1;32m[0m-[1;32m[0mx[1;32m[0mr[1;32m[0m-[1;32m[0mx[1;32m[0m [1;32m[0m [1;32m[0m [1;32m[0m1[1;32m[0m [1;32m[0mr[1;32m[0mo[1;32m[0mo[1;32m[0mt[1;32m[0m [1;32m[0mr[1;32m[0mo[1;32m[0mo[1;32m[0mt[1;32m[0m [1;32m[0m4[1;32m[0m5[1;32m[0m7[1;32m[0m4[1;32m[0m [1;32m[0mJ[1;32m[0mu[1;32m[0ml[1;32m[0m [1;32m[0m1[1;32m[0m8[1;32m[0m [1;32m[0m [1;32m[0m2[1;32m[0m0[1;32m[0m1[1;32m[0m9[1;32m[0m [1;32mpopularity-contest[0m
[1;32m[0m-[1;32m[0mr[1;32m[0mw[1;32m[0mx[1;32m[0mr[1;32m[0m-[1;32m[0mx[1;32m[0mr[1;32m[0m-[1;32m[0mx[1;32m[0m [1;32m[0m [1;32m[0m [1;32m[0m1[1;32m[0m [1;32m[0mr[1;32m[0mo[1;32m[0mo[1;32m[0mt[1;32m[0m [1;32m[0mr[1;32m[0mo[1;32m[0mo[1;32m[0mt[1;32m[0m [1;32m[0m [1;32m[0m2[1;32m[0m1[1;32m[0m4[1;32m[0m [1;32m[0mA[1;32m[0mp[1;32m[0mr[1;32m[0m [1;32m[0m2[1;32m[0m5[1;32m[0m [1;32m[0m [1;32m[0m2[1;32m[0m0[1;32m[0m2[1;32m[0m2[1;32m[0m [1;32mupdate-notifier-common[0m
[1;32m[0m
[1;32m[0m/[1;32m[0me[1;32m[0mt[1;32m[0mc[1;32m[0m/[1;32m[0mc[1;32m[0mr[1;32m[0mo[1;32m[0mn[1;32m[0m.[1;32m[0mh[1;32m[0mo[1;32m[0mu[1;32m[0mr[1;32m[0ml[1;32m[0my[1;32m[0m:[1;32m[0m
[1;32m[0mt[1;32m[0mo[1;32m[0mt[1;32m[0ma[1;32m[0ml[1;32m[0m [1;32m[0m1[1;32m[0m2[1;32m[0m
[1;32m[0md[1;32m[0mr[1;32m[0mw[1;32m[0mx[1;32m[0mr[1;32m[0m-[1;32m[0mx[1;32m[0mr[1;32m[0m-[1;32m[0mx[1;32m[0m [1;32m[0m [1;32m[0m [1;32m[0m2[1;32m[0m [1;32m[0mr[1;32m[0mo[1;32m[0mo[1;32m[0mt[1;32m[0m [1;32m[0mr[1;32m[0mo[1;32m[0mo[1;32m[0mt[1;32m[0m [1;32m[0m4[1;32m[0m0[1;32m[0m9[1;32m[0m6[1;32m[0m [1;32m[0mA[1;32m[0mu[1;32m[0mg[1;32m[0m [1;32m[0m3[1;32m[0m1[1;32m[0m [1;32m[0m [1;32m[0m2[1;32m[0m0[1;32m[0m2[1;32m[0m2[1;32m[0m [1;32m[0m.[1;32m[0m
[1;32m[0md[1;32m[0mr[1;32m[0mw[1;32m[0mx[1;32m[0mr[1;32m[0m-[1;32m[0mx[1;32m[0mr[1;32m[0m-[1;32m[0mx[1;32m[0m [1;32m[0m1[1;32m[0m0[1;32m[0m9[1;32m[0m [1;32m[0mr[1;32m[0mo[1;32m[0mo[1;32m[0mt[1;32m[0m [1;32m[0mr[1;32m[0mo[1;32m[0mo[1;32m[0mt[1;32m[0m [1;32m[0m4[1;32m[0m0[1;32m[0m9[1;32m[0m6[1;32m[0m [1;32m[0mJ[1;32m[0mu[1;32m[0mn[1;32m[0m [1;32m[0m1[1;32m[0m8[1;32m[0m [1;32m[0m0[1;32m[0m4[1;32m[0m:[1;32m[0m2[1;32m[0m8[1;32m[0m [1;32m[0m.[1;32m[0m.[1;32m[0m
[1;32m[0m-[1;32m[0mr[1;32m[0mw[1;32m[0m-[1;32m[0mr[1;32m[0m-[1;32m[0m-[1;32m[0mr[1;32m[0m-[1;32m[0m-[1;32m[0m [1;32m[0m [1;32m[0m [1;32m[0m1[1;32m[0m [1;32m[0mr[1;32m[0mo[1;32m[0mo[1;32m[0mt[1;32m[0m [1;32m[0mr[1;32m[0mo[1;32m[0mo[1;32m[0mt[1;32m[0m [1;32m[0m [1;32m[0m1[1;32m[0m0[1;32m[0m2[1;32m[0m [1;32m[0mF[1;32m[0me[1;32m[0mb[1;32m[0m [1;32m[0m1[1;32m[0m3[1;32m[0m [1;32m[0m [1;32m[0m2[1;32m[0m0[1;32m[0m2[1;32m[0m0[1;32m[0m [1;32m.placeholder[0m
[1;32m[0m
[1;32m[0m/[1;32m[0me[1;32m[0mt[1;32m[0mc[1;32m[0m/[1;32m[0mc[1;32m[0mr[1;32m[0mo[1;32m[0mn[1;32m[0m.[1;32m[0mm[1;32m[0mo[1;32m[0mn[1;32m[0mt[1;32m[0mh[1;32m[0ml[1;32m[0my[1;32m[0m:[1;32m[0m
[1;32m[0mt[1;32m[0mo[1;32m[0mt[1;32m[0ma[1;32m[0ml[1;32m[0m [1;32m[0m1[1;32m[0m2[1;32m[0m
[1;32m[0md[1;32m[0mr[1;32m[0mw[1;32m[0mx[1;32m[0mr[1;32m[0m-[1;32m[0mx[1;32m[0mr[1;32m[0m-[1;32m[0mx[1;32m[0m [1;32m[0m [1;32m[0m [1;32m[0m2[1;32m[0m [1;32m[0mr[1;32m[0mo[1;32m[0mo[1;32m[0mt[1;32m[0m [1;32m[0mr[1;32m[0mo[1;32m[0mo[1;32m[0mt[1;32m[0m [1;32m[0m4[1;32m[0m0[1;32m[0m9[1;32m[0m6[1;32m[0m [1;32m[0mA[1;32m[0mu[1;32m[0mg[1;32m[0m [1;32m[0m3[1;32m[0m1[1;32m[0m [1;32m[0m [1;32m[0m2[1;32m[0m0[1;32m[0m2[1;32m[0m2[1;32m[0m [1;32m[0m.[1;32m[0m
[1;32m[0md[1;32m[0mr[1;32m[0mw[1;32m[0mx[1;32m[0mr[1;32m[0m-[1;32m[0mx[1;32m[0mr[1;32m[0m-[1;32m[0mx[1;32m[0m [1;32m[0m1[1;32m[0m0[1;32m[0m9[1;32m[0m [1;32m[0mr[1;32m[0mo[1;32m[0mo[1;32m[0mt[1;32m[0m [1;32m[0mr[1;32m[0mo[1;32m[0mo[1;32m[0mt[1;32m[0m [1;32m[0m4[1;32m[0m0[1;32m[0m9[1;32m[0m6[1;32m[0m [1;32m[0mJ[1;32m[0mu[1;32m[0mn[1;32m[0m [1;32m[0m1[1;32m[0m8[1;32m[0m [1;32m[0m0[1;32m[0m4[1;32m[0m:[1;32m[0m2[1;32m[0m8[1;32m[0m [1;32m[0m.[1;32m[0m.[1;32m[0m
[1;32m[0m-[1;32m[0mr[1;32m[0mw[1;32m[0m-[1;32m[0mr[1;32m[0m-[1;32m[0m-[1;32m[0mr[1;32m[0m-[1;32m[0m-[1;32m[0m [1;32m[0m [1;32m[0m [1;32m[0m1[1;32m[0m [1;32m[0mr[1;32m[0mo[1;32m[0mo[1;32m[0mt[1;32m[0m [1;32m[0mr[1;32m[0mo[1;32m[0mo[1;32m[0mt[1;32m[0m [1;32m[0m [1;32m[0m1[1;32m[0m0[1;32m[0m2[1;32m[0m [1;32m[0mF[1;32m[0me[1;32m[0mb[1;32m[0m [1;32m[0m1[1;32m[0m3[1;32m[0m [1;32m[0m [1;32m[0m2[1;32m[0m0[1;32m[0m2[1;32m[0m0[1;32m[0m [1;32m.placeholder[0m
[1;32m[0m
[1;32m[0m/[1;32m[0me[1;32m[0mt[1;32m[0mc[1;32m[0m/[1;32m[0mc[1;32m[0mr[1;32m[0mo[1;32m[0mn[1;32m[0m.[1;32m[0mw[1;32m[0me[1;32m[0me[1;32m[0mk[1;32m[0ml[1;32m[0my[1;32m[0m:[1;32m[0m
[1;32m[0mt[1;32m[0mo[1;32m[0mt[1;32m[0ma[1;32m[0ml[1;32m[0m [1;32m[0m2[1;32m[0m0[1;32m[0m
[1;32m[0md[1;32m[0mr[1;32m[0mw[1;32m[0mx[1;32m[0mr[1;32m[0m-[1;32m[0mx[1;32m[0mr[1;32m[0m-[1;32m[0mx[1;32m[0m [1;32m[0m [1;32m[0m [1;32m[0m2[1;32m[0m [1;32m[0mr[1;32m[0mo[1;32m[0mo[1;32m[0mt[1;32m[0m [1;32m[0mr[1;32m[0mo[1;32m[0mo[1;32m[0mt[1;32m[0m [1;32m[0m4[1;32m[0m0[1;32m[0m9[1;32m[0m6[1;32m[0m [1;32m[0mA[1;32m[0mu[1;32m[0mg[1;32m[0m [1;32m[0m3[1;32m[0m1[1;32m[0m [1;32m[0m [1;32m[0m2[1;32m[0m0[1;32m[0m2[1;32m[0m2[1;32m[0m [1;32m[0m.[1;32m[0m
[1;32m[0md[1;32m[0mr[1;32m[0mw[1;32m[0mx[1;32m[0mr[1;32m[0m-[1;32m[0mx[1;32m[0mr[1;32m[0m-[1;32m[0mx[1;32m[0m [1;32m[0m1[1;32m[0m0[1;32m[0m9[1;32m[0m [1;32m[0mr[1;32m[0mo[1;32m[0mo[1;32m[0mt[1;32m[0m [1;32m[0mr[1;32m[0mo[1;32m[0mo[1;32m[0mt[1;32m[0m [1;32m[0m4[1;32m[0m0[1;32m[0m9[1;32m[0m6[1;32m[0m [1;32m[0mJ[1;32m[0mu[1;32m[0mn[1;32m[0m [1;32m[0m1[1;32m[0m8[1;32m[0m [1;32m[0m0[1;32m[0m4[1;32m[0m:[1;32m[0m2[1;32m[0m8[1;32m[0m [1;32m[0m.[1;32m[0m.[1;32m[0m
[1;32m[0m-[1;32m[0mr[1;32m[0mw[1;32m[0mx[1;32m[0mr[1;32m[0m-[1;32m[0mx[1;32m[0mr[1;32m[0m-[1;32m[0mx[1;32m[0m [1;32m[0m [1;32m[0m [1;32m[0m1[1;32m[0m [1;32m[0mr[1;32m[0mo[1;32m[0mo[1;32m[0mt[1;32m[0m [1;32m[0mr[1;32m[0mo[1;32m[0mo[1;32m[0mt[1;32m[0m [1;32m[0m [1;32m[0m8[1;32m[0m1[1;32m[0m3[1;32m[0m [1;32m[0mF[1;32m[0me[1;32m[0mb[1;32m[0m [1;32m[0m2[1;32m[0m5[1;32m[0m [1;32m[0m [1;32m[0m2[1;32m[0m0[1;32m[0m2[1;32m[0m0[1;32m[0m [1;32mman-db[0m
[1;32m[0m-[1;32m[0mr[1;32m[0mw[1;32m[0m-[1;32m[0mr[1;32m[0m-[1;32m[0m-[1;32m[0mr[1;32m[0m-[1;32m[0m-[1;32m[0m [1;32m[0m [1;32m[0m [1;32m[0m1[1;32m[0m [1;32m[0mr[1;32m[0mo[1;32m[0mo[1;32m[0mt[1;32m[0m [1;32m[0mr[1;32m[0mo[1;32m[0mo[1;32m[0mt[1;32m[0m [1;32m[0m [1;32m[0m1[1;32m[0m0[1;32m[0m2[1;32m[0m [1;32m[0mF[1;32m[0me[1;32m[0mb[1;32m[0m [1;32m[0m1[1;32m[0m3[1;32m[0m [1;32m[0m [1;32m[0m2[1;32m[0m0[1;32m[0m2[1;32m[0m0[1;32m[0m [1;32m.placeholder[0m
[1;32m[0m-[1;32m[0mr[1;32m[0mw[1;32m[0mx[1;32m[0mr[1;32m[0m-[1;32m[0mx[1;32m[0mr[1;32m[0m-[1;32m[0mx[1;32m[0m [1;32m[0m [1;32m[0m [1;32m[0m1[1;32m[0m [1;32m[0mr[1;32m[0mo[1;32m[0mo[1;32m[0mt[1;32m[0m [1;32m[0mr[1;32m[0mo[1;32m[0mo[1;32m[0mt[1;32m[0m [1;32m[0m [1;32m[0m4[1;32m[0m0[1;32m[0m3[1;32m[0m [1;32m[0mA[1;32m[0mp[1;32m[0mr[1;32m[0m [1;32m[0m2[1;32m[0m5[1;32m[0m [1;32m[0m [1;32m[0m2[1;32m[0m0[1;32m[0m2[1;32m[0m2[1;32m[0m [1;32mupdate-notifier-common[0m

SHELL=/[1;34mbin[0m/sh
PATH=/usr/local/sbin:/usr/local/[1;34mbin[0m:/sbin:/bin:/usr/sbin:/usr/bin

17 *	* * *	[1;31mroot[0m    cd / && run-parts --report /etc/cron.hourly
25 6	* * *	[1;31mroot[0m	test -x /usr/sbin/anacron || ( cd / && run-parts --report /etc/cron.daily )
47 6	* * 7	[1;31mroot[0m	test -x /usr/sbin/anacron || ( cd / && run-parts --report /etc/cron.weekly )
52 6	1 * *	[1;31mroot[0m	test -x /usr/sbin/anacron || ( cd / && run-parts --report /etc/cron.monthly )

[1;34m╔══════════╣ [1;32mSystemd PATH
[0m[1;34m╚ [1;34m[3mhttps://book.hacktricks.xyz/linux-hardening/privilege-escalation#systemd-path-relative-paths
[0mPATH=/usr/local/sbin:/usr/local/bin:/usr/sbin:/usr/bin:/sbin:/bin:/snap/bin

[1;34m╔══════════╣ [1;32mAnalyzing .service files
[0m[1;34m╚ [1;34m[3mhttps://book.hacktricks.xyz/linux-hardening/privilege-escalation#services
[0m/etc/systemd/system/connection.service could be executing some relative path
/etc/systemd/system/multi-user.target.wants/atd.service could be executing some relative path
/etc/systemd/system/multi-user.target.wants/grub-common.service could be executing some relative path
/etc/systemd/system/sleep.target.wants/grub-common.service could be executing some relative path
[1;32mYou can't write on systemd PATH[0m

[1;34m╔══════════╣ [1;32mSystem timers
[0m[1;34m╚ [1;34m[3mhttps://book.hacktricks.xyz/linux-hardening/privilege-escalation#timers
[0mNEXT                        LEFT          LAST                        PASSED       UNIT                         ACTIVATES                     
Tue 2024-06-18 06:40:40 UTC 14min left    n/a                         n/a          [1;32mapt-daily-upgrade.timer[0m      apt-daily-upgrade.service     
Tue 2024-06-18 06:41:30 UTC 15min left    n/a                         n/a          [1;32mapt-daily.timer[0m              apt-daily.service             
Tue 2024-06-18 10:53:45 UTC 4h 27min left Tue 2024-06-18 04:25:12 UTC 2h 0min ago  [1;32mua-timer.timer[0m               ua-timer.service              
Tue 2024-06-18 12:17:17 UTC 5h 51min left n/a                         n/a          [1;32mfwupd-refresh.timer[0m          fwupd-refresh.service         
Tue 2024-06-18 20:50:13 UTC 14h left      Tue 2024-06-18 03:53:22 UTC 2h 32min ago [1;32mmotd-news.timer[0m              motd-news.service             
Wed 2024-06-19 00:00:00 UTC 17h left      n/a                         n/a          [1;32mlogrotate.timer[0m              logrotate.service             
Wed 2024-06-19 00:00:00 UTC 17h left      n/a                         n/a          [1;32mman-db.timer[0m                 man-db.service                
Wed 2024-06-19 04:03:53 UTC 21h left      Tue 2024-06-18 04:03:53 UTC 2h 21min ago [1;32msystemd-tmpfiles-clean.timer[0m systemd-tmpfiles-clean.service
Sun 2024-06-23 03:10:41 UTC 4 days left   n/a                         n/a          [1;32me2scrub_all.timer[0m            e2scrub_all.service           
Mon 2024-06-24 00:00:00 UTC 5 days left   n/a                         n/a          [1;32mfstrim.timer[0m                 fstrim.service                
n/a                         n/a           n/a                         n/a          [1;32mphpsessionclean.timer[0m        phpsessionclean.service       
n/a                         n/a           n/a                         n/a          [1;32msnapd.snap-repair.timer[0m      snapd.snap-repair.service     

[1;34m╔══════════╣ [1;32mAnalyzing .timer files
[0m[1;34m╚ [1;34m[3mhttps://book.hacktricks.xyz/linux-hardening/privilege-escalation#timers
[0m
[1;34m╔══════════╣ [1;32mAnalyzing .socket files
[0m[1;34m╚ [1;34m[3mhttps://book.hacktricks.xyz/linux-hardening/privilege-escalation#sockets
[0m/etc/systemd/system/cloud-init.target.wants/cloud-init-hotplugd.socket is calling this [1;31mwritable listener: /run/cloud-init/hook-hotplug-cmd[0m
/etc/systemd/system/sockets.target.wants/uuidd.socket is calling this [1;31mwritable listener: /run/uuidd/request[0m
/snap/core20/1611/etc/systemd/system/cloud-init.target.wants/cloud-init-hotplugd.socket is calling this [1;31mwritable listener: /run/cloud-init/hook-hotplug-cmd[0m
/snap/core20/1611/usr/lib/systemd/system/cloud-init-hotplugd.socket is calling this [1;31mwritable listener: /run/cloud-init/hook-hotplug-cmd[0m
/snap/core20/1611/usr/lib/systemd/system/dbus.socket is calling this [1;31mwritable listener: /var/run/dbus/system_bus_socket[0m
/snap/core20/1611/usr/lib/systemd/system/sockets.target.wants/dbus.socket is calling this [1;31mwritable listener: /var/run/dbus/system_bus_socket[0m
/snap/core20/1611/usr/lib/systemd/system/sockets.target.wants/systemd-journald-dev-log.socket is calling this [1;31mwritable listener: /run/systemd/journal/dev-log[0m
/snap/core20/1611/usr/lib/systemd/system/sockets.target.wants/systemd-journald.socket is calling this [1;31mwritable listener: /run/systemd/journal/stdout[0m
/snap/core20/1611/usr/lib/systemd/system/sockets.target.wants/systemd-journald.socket is calling this [1;31mwritable listener: /run/systemd/journal/socket[0m
/snap/core20/1611/usr/lib/systemd/system/syslog.socket is calling this [1;31mwritable listener: /run/systemd/journal/syslog[0m
/snap/core20/1611/usr/lib/systemd/system/systemd-journald-dev-log.socket is calling this [1;31mwritable listener: /run/systemd/journal/dev-log[0m
/snap/core20/1611/usr/lib/systemd/system/systemd-journald.socket is calling this [1;31mwritable listener: /run/systemd/journal/stdout[0m
/snap/core20/1611/usr/lib/systemd/system/systemd-journald.socket is calling this [1;31mwritable listener: /run/systemd/journal/socket[0m

[1;34m╔══════════╣ [1;32mUnix Sockets Listening
[0m[1;34m╚ [1;34m[3mhttps://book.hacktricks.xyz/linux-hardening/privilege-escalation#sockets
[0m[1;32m/org/kernel/linux/storage/multipathd[0m
[1;31m/run/dbus/system_bus_socket[0m
  └─([1;31mRead Write[0m)
[1;31m/run/irqbalance//irqbalance815.sock[0m
  └─([1;31mRead [0m)
[1;31m/run/irqbalance/irqbalance815.sock[0m
  └─([1;31mRead [0m)
[1;32m/run/lvm/lvmpolld.socket[0m
[1;31m/run/mysqld/mysqld.sock[0m
  └─([1;31mRead Write[0m)
[1;31m/run/mysqld/mysqlx.sock[0m
  └─([1;31mRead Write[0m)
[1;31m/run/snapd-snap.socket[0m
  └─([1;31mRead Write[0m)
[1;31m/run/snapd.socket[0m
  └─([1;31mRead Write[0m)
[1;32m/run/systemd/fsck.progress[0m
[1;31m/run/systemd/journal/dev-log[0m
  └─([1;31mRead Write[0m)
[1;32m/run/systemd/journal/io.systemd.journal[0m
[1;31m/run/systemd/journal/socket[0m
  └─([1;31mRead Write[0m)
[1;31m/run/systemd/journal/stdout[0m
  └─([1;31mRead Write[0m)
[1;31m/run/systemd/journal/syslog[0m
  └─([1;31mRead Write[0m)
[1;31m/run/systemd/notify[0m
  └─([1;31mRead Write[0m)
[1;31m/run/systemd/private[0m
  └─([1;31mRead Write[0m)
[1;31m/run/systemd/userdb/io.systemd.DynamicUser[0m
  └─([1;31mRead Write[0m)
[1;32m/run/udev/control[0m
[1;31m/run/user/1000/bus[0m
  └─([1;31mRead Write[0m)
[1;31m/run/user/1000/gnupg/S.dirmngr[0m
  └─([1;31mRead Write[0m)
[1;31m/run/user/1000/gnupg/S.gpg-agent[0m
  └─([1;31mRead Write[0m)
[1;31m/run/user/1000/gnupg/S.gpg-agent.browser[0m
  └─([1;31mRead Write[0m)
[1;31m/run/user/1000/gnupg/S.gpg-agent.extra[0m
  └─([1;31mRead Write[0m)
[1;31m/run/user/1000/gnupg/S.gpg-agent.ssh[0m
  └─([1;31mRead Write[0m)
[1;31m/run/user/1000/pk-debconf-socket[0m
  └─([1;31mRead Write[0m)
[1;31m/run/user/1000/snapd-session-agent.socket[0m
  └─([1;31mRead Write[0m)
[1;31m/run/user/1000/systemd/notify[0m
  └─([1;31mRead Write[0m)
[1;31m/run/user/1000/systemd/private[0m
  └─([1;31mRead Write[0m)
[1;31m/run/user/1000/vscode-git-a49701536a.sock[0m
  └─([1;31mRead Write[0m)
[1;31m/run/user/1000/vscode-ipc-48620bc1-e245-4ffd-a83b-c5f4f446daec.sock[0m
  └─([1;31mRead Write[0m)
[1;31m/run/user/1000/vscode-ipc-74f1f96a-e093-44dd-8c02-c4fbd3dc1203.sock[0m
  └─([1;31mRead Write[0m)
[1;31m/run/uuidd/request[0m
  └─([1;31mRead Write[0m)
[1;31m/tmp/code-f78f31f2-e06e-4cb1-beee-f55271201318[0m
  └─([1;31mRead Write[0m)
[1;31m/var/run/mysqld/mysqld.sock[0m
  └─([1;31mRead Write[0m)
[1;31m/var/run/mysqld/mysqlx.sock[0m
  └─([1;31mRead Write[0m)
[1;32m/var/snap/lxd/common/lxd/devlxd/sock[0m
[1;32m/var/snap/lxd/common/lxd/seccomp.socket[0m
[1;31m/var/snap/lxd/common/lxd/unix.socket[0m
  └─([1;31mRead Write[0m)

[1;34m╔══════════╣ [1;32mD-Bus config files
[0m[1;34m╚ [1;34m[3mhttps://book.hacktricks.xyz/linux-hardening/privilege-escalation#d-bus
[0mPossible weak user policy found on /etc/dbus-1/system.d/org.freedesktop.thermald.conf (        <policy group="power">)

[1;34m╔══════════╣ [1;32mD-Bus Service Objects list
[0m[1;34m╚ [1;34m[3mhttps://book.hacktricks.xyz/linux-hardening/privilege-escalation#d-bus
[0m[1;32mNAME[0m                            PID PROCESS         USER             CONNECTION    UNIT                        SESSION DESCRIPTION
[1;32m:1.0[0m                            539 systemd-timesyn [1;34msystemd-timesync[0m :1.0          systemd-timesyncd.service   -       -
[1;32m:1.1[0m                            768 [1;34msystemd-network[0m systemd-network  :1.1          systemd-networkd.service    -       -
[1;32m:1.10[0m                           908 unattended-upgr [1;31mroot[0m             :1.10         unattended-upgrades.service -       -
[1;32m:1.13[0m                           829 snapd           [1;31mroot[0m             :1.13         snapd.service               -       -
[1;32m:1.17[0m                          1570 systemd         [1;95mmarketer[0m         :1.17         user@1000.service           -       -
[1;32m:1.2[0m                            773 [1;34msystemd-resolve[0m systemd-resolve  :1.2          systemd-resolved.service    -       -
[1;32m:1.3[0m                            801 accounts-[1;34m[1;32mdaemon[0m[0m [1;31mroot[0m             :1.3          accounts-daemon.service     -       -
[1;32m:1.4[0m                            819 polkitd         [1;31mroot[0m             :1.4          polkit.service              -       -
[1;32m:1.5[0m                            833 udisksd         [1;31mroot[0m             :1.5          udisks2.service             -       -
[1;32m:1.59[0m                         87678 busctl          [1;95mmarketer[0m         :1.59         session-4.scope             4       -
[1;32m:1.6[0m                              1 systemd         [1;31mroot[0m             :1.6          init.scope                  -       -
[1;32m:1.7[0m                            879 ModemManager    [1;31mroot[0m             :1.7          ModemManager.service        -       -
[1;32m:1.8[0m                            831 systemd-logind  [1;31mroot[0m             :1.8          systemd-logind.service      -       -
[1;32m:1.9[0m                            816 networkd-dispat [1;31mroot[0m             :1.9          networkd-dispatcher.service -       -
[1;32mcom.ubuntu.LanguageSelector[0m       - -               -                (activatable) -                           -       -
[1;32mcom.ubuntu.SoftwareProperties[0m     - -               -                (activatable) -                           -       -
[1;32mio.netplan.Netplan[0m                - -               -                (activatable) -                           -       -
[1;32morg.freedesktop.Accounts[0m        801 accounts-[1;34m[1;32mdaemon[0m[0m [1;31mroot[0m             :1.3          accounts-daemon.service     -       -
[1;32morg.freedesktop.DBus[0m              1 systemd         [1;31mroot[0m             -             init.scope                  -       -
[1;32morg.freedesktop.ModemManager1[0m   879 ModemManager    [1;31mroot[0m             :1.7          ModemManager.service        -       -
[1;32morg.freedesktop.PackageKit[0m        - -               -                (activatable) -                           -       -
[1;32morg.freedesktop.PolicyKit1[0m      819 polkitd         [1;31mroot[0m             :1.4          polkit.service              -       -
[1;32morg.freedesktop.UDisks2[0m         833 udisksd         [1;31mroot[0m             :1.5          udisks2.service             -       -
[1;32morg.freedesktop.UPower[0m            - -               -                (activatable) -                           -       -
[1;32morg.freedesktop.bolt[0m              - -               -                (activatable) -                           -       -
[1;32morg.freedesktop.fwupd[0m             - -               -                (activatable) -                           -       -
[1;32morg.freedesktop.hostname1[0m         - -               -                (activatable) -                           -       -
[1;32morg.freedesktop.locale1[0m           - -               -                (activatable) -                           -       -
[1;32morg.freedesktop.login1[0m          831 systemd-logind  [1;31mroot[0m             :1.8          systemd-logind.service      -       -
[1;32morg.freedesktop.network1[0m        768 [1;34msystemd-network[0m systemd-network  :1.1          systemd-networkd.service    -       -
[1;32morg.freedesktop.resolve1[0m        773 [1;34msystemd-resolve[0m systemd-resolve  :1.2          systemd-resolved.service    -       -
[1;32morg.freedesktop.systemd1[0m          1 systemd         [1;31mroot[0m             :1.6          init.scope                  -       -
[1;32morg.freedesktop.thermald[0m          - -               -                (activatable) -                           -       -
[1;32morg.freedesktop.timedate1[0m         - -               -                (activatable) -                           -       -
[1;32morg.freedesktop.timesync1[0m       539 systemd-timesyn [1;34msystemd-timesync[0m :1.0          systemd-timesyncd.service   -       -


[1;34m                              ╔═════════════════════╗
══════════════════════════════╣ [1;32mNetwork Information[1;34m ╠══════════════════════════════
[1;34m                              ╚═════════════════════╝[0m
[1;34m╔══════════╣ [1;32mHostname, hosts and DNS
[0mmarketer
127.0.0.1 localhost
127.0.1.1 marketer

::1     ip6-localhost ip6-loopback
fe00::0 ip6-localnet
ff00::0 ip6-mcastprefix
ff02::1 ip6-allnodes
ff02::2 ip6-allrouters

nameserver 127.0.0.53
options edns0 trust-ad
search home.arpa

[1;34m╔══════════╣ [1;32mInterfaces
[0m# symbolic names for networks, see networks(5) for more information
link-local 169.254.0.0
ens18: flags=4163<UP,BROADCAST,RUNNING,MULTICAST>  mtu 1500
        inet 10.32.0.12  netmask 255.255.255.0  broadcast 10.32.0.255
        inet6 fe80::b82e:29ff:fe7f:8336  prefixlen 64  scopeid 0x20<link>
        ether ba:2e:29:7f:83:36  txqueuelen 1000  (Ethernet)
        RX packets 215114  bytes 179971656 (179.9 MB)
        RX errors 0  dropped 0  overruns 0  frame 0
        TX packets 146707  bytes 113103383 (113.1 MB)
        TX errors 0  dropped 0 overruns 0  carrier 0  collisions 0

lo: flags=73<UP,LOOPBACK,RUNNING>  mtu 65536
        inet 127.0.0.1  netmask 255.0.0.0
        inet6 ::1  prefixlen 128  scopeid 0x10<host>
        loop  txqueuelen 1000  (Local Loopback)
        RX packets 152928  bytes 19921466 (19.9 MB)
        RX errors 0  dropped 0  overruns 0  frame 0
        TX packets 152928  bytes 19921466 (19.9 MB)
        TX errors 0  dropped 0 overruns 0  carrier 0  collisions 0

tun0: flags=4305<UP,POINTOPOINT,RUNNING,NOARP,MULTICAST>  mtu 1500
        inet 10.14.3.210  netmask 255.255.252.0  destination 10.14.3.210
        inet6 fe80::2fa4:be87:39ee:493f  prefixlen 64  scopeid 0x20<link>
        unspec 00-00-00-00-00-00-00-00-00-00-00-00-00-00-00-00  txqueuelen 100  (UNSPEC)
        RX packets 85142  bytes 16565439 (16.5 MB)
        RX errors 0  dropped 0  overruns 0  frame 0
        TX packets 86501  bytes 28177036 (28.1 MB)
        TX errors 0  dropped 41 overruns 0  carrier 0  collisions 0


[1;34m╔══════════╣ [1;32mActive Ports
[0m[1;34m╚ [1;34m[3mhttps://book.hacktricks.xyz/linux-hardening/privilege-escalation#open-ports
[0mtcp        0      0 [1;31m127.0.0.53[0m:53           [1;31m0.0.0.0[0m:*               LISTEN      -                   
tcp        0      0 [1;31m0.0.0.0[0m:22              [1;31m0.0.0.0[0m:*               LISTEN      -                   
tcp        0      0 [1;31m127.0.0.1[0m:44865         [1;31m0.0.0.0[0m:*               LISTEN      11077/code-89de5a8d 
tcp        0      0 [1;31m127.0.0.1[0m:33060         [1;31m0.0.0.0[0m:*               LISTEN      -                   
tcp        0      0 [1;31m127.0.0.1[0m:3306          [1;31m0.0.0.0[0m:*               LISTEN      -                   
tcp6       0      0 [1;31m:::[0m22                   [1;31m:::[0m*                    LISTEN      -                   
tcp6       0      0 [1;31m:::[0m80                   [1;31m:::[0m*                    LISTEN      -                   

[1;34m╔══════════╣ [1;32mCan I sniff with tcpdump?
[0m[1;90mNo
[0m


[1;34m                               ╔═══════════════════╗
═══════════════════════════════╣ [1;32mUsers Information[1;34m ╠═══════════════════════════════
[1;34m                               ╚═══════════════════╝[0m
[1;34m╔══════════╣ [1;32mMy user
[0m[1;34m╚ [1;34m[3mhttps://book.hacktricks.xyz/linux-hardening/privilege-escalation#users
[0muid=1000([1;96m[1;95mmarketer[0m[0m) gid=1000([1;96m[1;95mmarketer[0m[0m) groups=1000([1;96m[1;95mmarketer[0m[0m),4[1;31m(adm)[0m,24[1;32m(cdrom)[0m,27[1;31;103m(sudo)[0m,30(dip),46[1;32m(plugdev)[0m,116[1;31;103m([1;34mlxd[0m)[0m

[1;34m╔══════════╣ [1;32mDo I have PGP keys?
[0m/usr/bin/gpg
[1;90mnetpgpkeys Not Found
[0m[1;90mnetpgp Not Found
[0m
[1;34m╔══════════╣ [1;32mChecking 'sudo -l', /etc/sudoers, and /etc/sudoers.d
[0m[1;34m╚ [1;34m[3mhttps://book.hacktricks.xyz/linux-hardening/privilege-escalation#sudo-and-suid
[0mMatching Defaults entries for [1;31mmarketer[0m on [1;31mmarketer[0m:
    env_reset, mail_badpass, secure_path=/usr/local/sbin\:/usr/local/bin\:/usr/sbin\:/usr/bin\:/sbin\:/bin\:/snap/bin

User [1;31mmarketer[0m may run the following commands on [1;31mmarketer[0m:
    ([1;31mALL : ALL[0m) [1;31mALL[0m

[1;34m╔══════════╣ [1;32mChecking sudo tokens
[0m[1;34m╚ [1;34m[3mhttps://book.hacktricks.xyz/linux-hardening/privilege-escalation#reusing-sudo-tokens
[0mptrace protection [1;32mis enabled[0m (1)

[1;34m╔══════════╣ [1;32mChecking Pkexec policy
[0m[1;34m╚ [1;34m[3mhttps://book.hacktricks.xyz/linux-hardening/privilege-escalation/interesting-groups-linux-pe#pe-method-2
[0m
[Configuration]
AdminIdentities=unix-user:0
[Configuration]
AdminIdentities=unix-group:[1;31;103msudo[0m;unix-group:admin

[1;34m╔══════════╣ [1;32mSuperusers
[0m[1;31mroot[0m:x:0:0:root:/root:/[1;34mbin[0m/bash

[1;34m╔══════════╣ [1;32mUsers with console
[0m[1;96m[1;95mmarketer[0m[0m:x:1000:1000:marketer:/home/marketer:/bin/bash
[1;31mroot[0m:x:0:0:root:/root:/bin/bash

[1;34m╔══════════╣ [1;32mAll users & groups
[0muid=0[1;31m([1;31mroot[0m)[0m gid=0[1;31m(root)[0m groups=0[1;31m(root)[0m
uid=1000([1;96m[1;95mmarketer[0m[0m) gid=1000([1;96m[1;95mmarketer[0m[0m) groups=1000([1;96m[1;95mmarketer[0m[0m),4[1;31m(adm)[0m,24[1;32m(cdrom)[0m,27[1;31m(sudo)[0m,30(dip),46[1;32m(plugdev)[0m,116[1;31m([1;34mlxd[0m)[0m
uid=100([1;34msystemd-network[0m) gid=102([1;34msystemd-network[0m) groups=102([1;34msystemd-network[0m)
uid=101([1;34msystemd-resolve[0m) gid=103([1;34msystemd-resolve[0m) groups=103([1;34msystemd-resolve[0m)
uid=102([1;34msystemd-timesync[0m) gid=104([1;34msystemd-timesync[0m) groups=104([1;34msystemd-timesync[0m)
uid=103([1;34mmessagebus[0m) gid=106([1;34mmessagebus[0m) groups=106([1;34mmessagebus[0m)
uid=104([1;34m[1;32msyslog[0m[0m) gid=110([1;34m[1;32msyslog[0m[0m) groups=110([1;34m[1;32msyslog[0m[0m),4[1;31m(adm)[0m,5(tty)
uid=105([1;34m_apt[0m) gid=65534[1;32m(nogroup)[0m groups=65534[1;32m(nogroup)[0m
uid=106([1;34mtss[0m) gid=111([1;34mtss[0m) groups=111([1;34mtss[0m)
uid=107([1;34muuidd[0m) gid=112([1;34muuidd[0m) groups=112([1;34muuidd[0m)
uid=108([1;34mtcpdump[0m) gid=113([1;34mtcpdump[0m) groups=113([1;34mtcpdump[0m)
uid=109([1;34mlandscape[0m) gid=115([1;34mlandscape[0m) groups=115([1;34mlandscape[0m)
uid=10([1;34muucp[0m) gid=10([1;34muucp[0m) groups=10([1;34muucp[0m)
uid=110([1;34mpollinate[0m) gid=1([1;34m[1;32mdaemon[0m[0m) groups=1([1;34m[1;32mdaemon[0m[0m)
uid=111([1;34musbmux[0m) gid=46[1;32m(plugdev)[0m groups=46[1;32m(plugdev)[0m
uid=112([1;34msshd[0m) gid=65534[1;32m(nogroup)[0m groups=65534[1;32m(nogroup)[0m
uid=113([1;34mmysql[0m) gid=117([1;34mmysql[0m) groups=117([1;34mmysql[0m)
uid=13([1;34mproxy[0m) gid=13([1;34mproxy[0m) groups=13([1;34mproxy[0m)
uid=1([1;34m[1;32mdaemon[0m[0m) gid=1([1;34m[1;32mdaemon[0m[0m) groups=1([1;34m[1;32mdaemon[0m[0m)
uid=2([1;34mbin[0m) gid=2([1;34mbin[0m) groups=2([1;34mbin[0m)
uid=33([1;34m[1;32mwww-data[0m[0m) gid=33([1;34m[1;32mwww-data[0m[0m) groups=33([1;34m[1;32mwww-data[0m[0m)
uid=34([1;34mbackup[0m) gid=34([1;34mbackup[0m) groups=34([1;34mbackup[0m)
uid=38([1;34mlist[0m) gid=38([1;34mlist[0m) groups=38([1;34mlist[0m)
uid=39([1;34mirc[0m) gid=39([1;34mirc[0m) groups=39([1;34mirc[0m)
uid=3([1;34msys[0m) gid=3([1;34msys[0m) groups=3([1;34msys[0m)
uid=41([1;34mgnats[0m) gid=41([1;34mgnats[0m) groups=41([1;34mgnats[0m)
uid=4([1;34msync[0m) gid=65534[1;32m(nogroup)[0m groups=65534[1;32m(nogroup)[0m
uid=5([1;34mgames[0m) gid=60([1;34mgames[0m) groups=60([1;34mgames[0m)
uid=65534([1;34m[1;32mnobody[0m[0m) gid=65534[1;32m(nogroup)[0m groups=65534[1;32m(nogroup)[0m
uid=6([1;34mman[0m) gid=12([1;34mman[0m) groups=12([1;34mman[0m)
uid=7([1;34mlp[0m) gid=7([1;34mlp[0m) groups=7([1;34mlp[0m)
uid=8([1;34m[1;32mmail[0m[0m) gid=8([1;34m[1;32mmail[0m[0m) groups=8([1;34m[1;32mmail[0m[0m)
uid=998[1;31m([1;34mlxd[0m)[0m gid=100(users) groups=100(users)
uid=999([1;34msystemd-coredump[0m) gid=999([1;34msystemd-coredump[0m) groups=999([1;34msystemd-coredump[0m)
uid=9([1;34mnews[0m) gid=9([1;34mnews[0m) groups=9([1;34mnews[0m)

[1;34m╔══════════╣ [1;32mLogin now
[0m 06:25:53 up  2:37,  2 users,  load average: 0.19, 0.13, 0.05
USER     TTY      FROM             LOGIN@   IDLE   JCPU   PCPU WHAT
[1;96m[1;95mmarketer[0m[0m tty1     -                03:49    2:31m  0.03s  0.02s -bash
[1;96m[1;95mmarketer[0m[0m pts/0    10.32.0.1        03:54    2:29m  0.01s  0.00s [1;34msshd[0m: marketer [priv]

[1;34m╔══════════╣ [1;32mLast logons
[0m[1;96m[1;95mmarketer[0m[0m pts/0        Tue Jun 18 03:54:26 2024   still logged in                       10.32.0.1
[1;96m[1;95mmarketer[0m[0m tty1         Tue Jun 18 03:49:09 2024   still logged in                       0.0.0.0
reboot   system boot  Tue Jun 18 03:48:44 2024   still running                         0.0.0.0

wtmp begins Tue Jun 18 03:48:44 2024

[1;34m╔══════════╣ [1;32mLast time logon each user
[0mUsername         Port     From             Latest
[1;96m[1;95mmarketer[0m[0m         pts/0    10.32.0.1        Tue Jun 18 03:54:26 +0000 2024

[1;34m╔══════════╣ [1;32mDo not forget to test 'su' as any other user with shell: without password and with their names as password (I don't do it in FAST mode...)
[0m
[0m[1;34m╔══════════╣ [1;32mDo not forget to execute 'sudo -l' without password or with valid password (if you know it)!!
[0m
[0m

[1;34m                             ╔══════════════════════╗
═════════════════════════════╣ [1;32mSoftware Information[1;34m ╠═════════════════════════════
[1;34m                             ╚══════════════════════╝[0m
[1;34m╔══════════╣ [1;32mUseful software
[0m/usr/bin/base64
/usr/bin/curl
/snap/bin/lxc
/usr/bin/nc
/usr/bin/netcat
/usr/bin/perl
/usr/bin/php
/usr/bin/ping
/usr/bin/python3
/usr/bin/sudo
/usr/bin/wget

[1;34m╔══════════╣ [1;32mInstalled Compilers
[0m
[1;34m╔══════════╣ [1;32mMySQL version
[0mmysql  Ver 8.0.37-0ubuntu0.20.04.3 for Linux on x86_64 ((Ubuntu))


[1;34m═╣ [1;32mMySQL connection using default root/root ........... [0m[1;90mNo
[0m[1;34m═╣ [1;32mMySQL connection using root/toor ................... [0m[1;90mNo
[0m[1;34m═╣ [1;32mMySQL connection using root/NOPASS ................. [0m[1;90mNo
[0m
[1;34m╔══════════╣ [1;32mSearching mysql credentials and exec
[0mFrom '/etc/[1;34mmysql[0m/mysql.conf.d/mysqld.cnf' Mysql user: user		= mysql
Found readable /etc/mysql/my.cnf
!includedir /etc/mysql/conf.d/
!includedir /etc/mysql/mysql.conf.d/

[1;34m╔══════════╣ [1;32mAnalyzing MariaDB Files (limit 70)
[0m
-rw------- 1 root root 317 Jun 18 03:53 /etc/mysql/[1;31mdebian.cnf[0m

[1;34m╔══════════╣ [1;32mAnalyzing Apache-Nginx Files (limit 70)
[0mApache version: Server version: Apache/2.4.41 (Ubuntu)
Server built:   2024-04-10T17:46:26
[1;90mhttpd Not Found
[0m
Nginx version: [1;90mnginx Not Found
[0m
/etc/apache2/mods-available/php7.4.conf-<FilesMatch ".+\.ph(ar|p|tml)$">
/etc/apache2/mods-available/php7.4.conf:    SetHandler application/x-httpd-php
--
/etc/apache2/mods-available/php7.4.conf-<FilesMatch ".+\.phps$">
/etc/apache2/mods-available/php7.4.conf:    SetHandler application/x-httpd-php-source
--
/etc/apache2/mods-enabled/php7.4.conf-<FilesMatch ".+\.ph(ar|p|tml)$">
/etc/apache2/mods-enabled/php7.4.conf:    SetHandler application/x-httpd-php
--
/etc/apache2/mods-enabled/php7.4.conf-<FilesMatch ".+\.phps$">
/etc/apache2/mods-enabled/php7.4.conf:    SetHandler application/x-httpd-php-source
[1;34m══╣ [1;32mPHP exec extensions
[0mdrwxr-xr-x 2 root root 4096 Jun 18 04:29 /etc/apache2/[1;31msites-enabled[0m
[1;31mdrwxr-xr-x 2 root root 4096 Jun 18 04:29 /etc/apache2/sites-enabled[0m
[1;31mlrwxrwxrwx 1 root root 34 Jun 18 04:29 /etc/apache2/sites-enabled/phpmyadmin.conf -> ../sites-available/phpmyadmin.conf[0m
Alias /phpmyadmin /usr/share/phpmyadmin
<Directory /usr/share/phpmyadmin>
    Options SymLinksIfOwnerMatch
    DirectoryIndex index.php
    <IfModule mod_php7.c>
        php_admin_value upload_tmp_dir /var/lib/phpmyadmin/tmp
        php_admin_value open_basedir /usr/share/phpmyadmin/:/etc/phpmyadmin/:/var/lib/phpmyadmin/:/usr/share/php/php-gettext/:/usr/share/php/php-php-gettext/:/usr/share/javascript/:/usr/share/php/tcpdf/:/usr/share/doc/phpmyadmin/:/usr/share/php/phpseclib/:/usr/share/php/PhpMyAdmin/:/usr/share/php/Symfony/:/usr/share/php/Twig/:/usr/share/php/Twig-Extensions/:/usr/share/php/ReCaptcha/:/usr/share/php/Psr/Container/:/usr/share/php/Psr/Cache/:/usr/share/php/Psr/Log/:/usr/share/php/Psr/SimpleCache/
    </IfModule>
</Directory>
<Directory /usr/share/phpmyadmin/templates>
    Require all denied
</Directory>
<Directory /usr/share/phpmyadmin/libraries>
    Require all denied
</Directory>
[1;31mlrwxrwxrwx 1 root root 35 Jun 18 03:53 /etc/apache2/sites-enabled/000-default.conf -> ../sites-available/000-default.conf[0m
<VirtualHost *:80>
	ServerAdmin webmaster@localhost
	DocumentRoot /var/www/html
	ErrorLog ${APACHE_LOG_DIR}/error.log
	CustomLog ${APACHE_LOG_DIR}/access.log combined
</VirtualHost>


-rw-r--r-- 1 root root 1332 Dec  4  2023 /etc/apache2/sites-available/[1;31m000-default.conf[0m
<VirtualHost *:80>
	ServerAdmin webmaster@localhost
	DocumentRoot /var/www/html
	ErrorLog ${APACHE_LOG_DIR}/error.log
	CustomLog ${APACHE_LOG_DIR}/access.log combined
</VirtualHost>
lrwxrwxrwx 1 root root 35 Jun 18 03:53 /etc/apache2/sites-enabled/000-default.conf -> ../sites-available/[1;31m000-default.conf[0m
<VirtualHost *:80>
	ServerAdmin webmaster@localhost
	DocumentRoot /var/www/html
	ErrorLog ${APACHE_LOG_DIR}/error.log
	CustomLog ${APACHE_LOG_DIR}/access.log combined
</VirtualHost>

-rw-r--r-- 1 root root 72941 May  1 10:11 /etc/php/7.4/apache2/[1;31mphp.ini[0m
allow_url_fopen = [1;31mOn[0m
allow_url_include = Off
odbc.allow_persistent = [1;31mOn[0m
mysqli.allow_persistent = [1;31mOn[0m
pgsql.allow_persistent = [1;31mOn[0m
-rw-r--r-- 1 root root 72539 May  1 10:11 /etc/php/7.4/cli/[1;31mphp.ini[0m
allow_url_fopen = [1;31mOn[0m
allow_url_include = Off
odbc.allow_persistent = [1;31mOn[0m
mysqli.allow_persistent = [1;31mOn[0m
pgsql.allow_persistent = [1;31mOn[0m



[1;34m╔══════════╣ [1;32mAnalyzing Rsync Files (limit 70)
[0m-rw-r--r-- 1 root root 1044 Aug 16  2022 /usr/share/doc/rsync/examples/[1;31mrsyncd.conf[0m
[ftp]
	comment = public archive
	path = /var/www/pub
	use chroot = yes
	lock file = /var/lock/rsyncd
	read only = yes
	list = yes
	uid = nobody
	gid = nogroup
	strict modes = yes
	ignore errors = no
	ignore nonreadable = yes
	transfer logging = no
	timeout = 600
	refuse options = checksum dry-run
	dont compress = *.gz *.tgz *.zip *.z *.rpm *.deb *.iso *.bz2 *.tbz


[1;34m╔══════════╣ [1;32mAnalyzing OpenVPN Files (limit 70)
[0m-rw-r--r-- 1 root root 2834 Jun 18 03:55 /opt/connection/marketer[1;31m.ovpn[0m

[1;34m╔══════════╣ [1;32mAnalyzing Ldap Files (limit 70)
[0mThe password hash is from the {SSHA} to 'structural'
drwxr-xr-x 2 root root 4096 Aug 31  2022 /etc/[1;31mldap[0m


[1;34m╔══════════╣ [1;32mSearching ssl/ssh files
[0m[1;34m╔══════════╣ [1;32mAnalyzing SSH Files (limit 70)
[0m



-rw------- 1 marketer marketer 0 Jun 18 03:48 /home/marketer/.ssh/[1;31mauthorized_keys[0m

-rw-r--r-- 1 root root 603 Jun 18 03:48 /etc/ssh/ssh_host_dsa_key[1;31m.pub[0m
-rw-r--r-- 1 root root 175 Jun 18 03:48 /etc/ssh/ssh_host_ecdsa_key[1;31m.pub[0m
-rw-r--r-- 1 root root 95 Jun 18 03:48 /etc/ssh/ssh_host_ed25519_key[1;31m.pub[0m
-rw-r--r-- 1 root root 567 Jun 18 03:48 /etc/ssh/ssh_host_rsa_key[1;31m.pub[0m

ChallengeResponseAuthentication no
UsePAM yes
PasswordAuthentication yes
[1;34m══╣ [1;32mSome certificates were found (out limited):
[0m/etc/pki/fwupd/LVFS-CA.pem
/etc/pki/fwupd-metadata/LVFS-CA.pem
/etc/pollinate/entropy.ubuntu.com.pem
/etc/ssl/certs/ACCVRAIZ1.pem
/etc/ssl/certs/AC_RAIZ_FNMT-RCM.pem
/etc/ssl/certs/AC_RAIZ_FNMT-RCM_SERVIDORES_SEGUROS.pem
/etc/ssl/certs/Actalis_Authentication_Root_CA.pem
/etc/ssl/certs/AffirmTrust_Commercial.pem
/etc/ssl/certs/AffirmTrust_Networking.pem
/etc/ssl/certs/AffirmTrust_Premium_ECC.pem
/etc/ssl/certs/AffirmTrust_Premium.pem
/etc/ssl/certs/Amazon_Root_CA_1.pem
/etc/ssl/certs/Amazon_Root_CA_2.pem
/etc/ssl/certs/Amazon_Root_CA_3.pem
/etc/ssl/certs/Amazon_Root_CA_4.pem
/etc/ssl/certs/ANF_Secure_Server_Root_CA.pem
/etc/ssl/certs/Atos_TrustedRoot_2011.pem
/etc/ssl/certs/Autoridad_de_Certificacion_Firmaprofesional_CIF_A62634068.pem
/etc/ssl/certs/Baltimore_CyberTrust_Root.pem
/etc/ssl/certs/Buypass_Class_2_Root_CA.pem
79760PSTORAGE_CERTSBIN

[1;34m══╣ [1;32mWritable ssh and gpg agents
[0m/etc/systemd/user/sockets.target.wants/gpg-agent.socket
/etc/systemd/user/sockets.target.wants/gpg-agent-browser.socket
/etc/systemd/user/sockets.target.wants/gpg-agent-ssh.socket
/etc/systemd/user/sockets.target.wants/gpg-agent-extra.socket
[1;34m══╣ [1;32mSome home ssh config file was found
[0m[1;31m/usr/share/openssh/sshd_config[0m
Include /etc/ssh/sshd_config.d/*.conf
ChallengeResponseAuthentication no
UsePAM yes
X11Forwarding yes
PrintMotd no
AcceptEnv LANG LC_*
Subsystem	sftp	/usr/lib/openssh/sftp-server

[1;34m══╣ [1;32m/etc/hosts.allow file found, trying to read the rules:
[0m/etc/hosts.allow


Searching inside /etc/ssh/ssh_config for interesting info
Include /etc/ssh/ssh_config.d/*.conf
[1;31mHost[0m *
    SendEnv LANG LC_*
    HashKnown[1;31mHost[0ms yes
    GSSAPIAuthentication yes

[1;34m╔══════════╣ [1;32mAnalyzing PAM Auth Files (limit 70)
[0mdrwxr-xr-x 2 root root 4096 Jun 18 03:46 /etc/[1;31mpam.d[0m
-rw-r--r-- 1 root root 2133 Jan  2 17:13 /etc/pam.d/[1;31msshd[0m
account    required     pam_nologin.so
session [success=ok ignore=ignore module_unknown=ignore default=bad]        pam_selinux.so close
session    required     pam_loginuid.so
session    optional     pam_keyinit.so force revoke
session    optional     pam_motd.so  motd=/run/motd.dynamic
session    optional     pam_motd.so noupdate
session    optional     pam_mail.so standard noenv # [1]
session    required     pam_limits.so
session    required     pam_env.so # [1]
session    required     pam_env.so [1;31muser[0m_readenv=1 envfile=/etc/default/locale
session [success=ok ignore=ignore module_unknown=ignore default=bad]        pam_selinux.so open




[1;34m╔══════════╣ [1;32mSearching tmux sessions
[0m[1;34m╚ [1;34m[3mhttps://book.hacktricks.xyz/linux-hardening/privilege-escalation#open-shell-sessions
[0mtmux 3.0a
[1;31m[0m
[1;31m[0m
[1;31m/tmp/tmux-1000[0m
[1;34m╔══════════╣ [1;32mAnalyzing Cloud Init Files (limit 70)
[0m-rw-r--r-- 1 root root 3674 Jun 15  2022 /etc/cloud/[1;31mcloud.cfg[0m
     lock_[1;31mpasswd:[0m True
-rw-r--r-- 1 root root 3674 Jun 15  2022 /snap/core20/1611/etc/cloud/[1;31mcloud.cfg[0m
     lock_[1;31mpasswd:[0m True

[1;34m╔══════════╣ [1;32mAnalyzing Keyring Files (limit 70)
[0mdrwxr-xr-x 2 root root 200 Aug  5  2022 /snap/core20/1611/usr/share/[1;31mkeyrings[0m
drwxr-xr-x 2 root root 4096 Aug 31  2022 /usr/share/[1;31mkeyrings[0m




[1;34m╔══════════╣ [1;32mSearching uncommon passwd files (splunk)
[0mpasswd file: [1;31m/etc/pam.d/passwd[0m
passwd file: [1;31m/etc/passwd[0m
passwd file: [1;31m/snap/core20/1611/etc/pam.d/passwd[0m
passwd file: [1;31m/snap/core20/1611/etc/passwd[0m
passwd file: [1;31m/snap/core20/1611/usr/share/bash-completion/completions/passwd[0m
passwd file: [1;31m/snap/core20/1611/usr/share/lintian/overrides/passwd[0m
passwd file: [1;31m/snap/core20/1611/var/lib/extrausers/passwd[0m
passwd file: [1;31m/usr/share/bash-completion/completions/passwd[0m
passwd file: [1;31m/usr/share/lintian/overrides/passwd[0m

[1;34m╔══════════╣ [1;32mAnalyzing Github Files (limit 70)
[0mdrwxr-xr-x 3 marketer marketer 4096 Jun 18 03:59 /home/marketer/.vscode-server/cli/servers/Stable-89de5a8d4d6205e5b11647eb6a74844ca23d2573/server/extensions/github/testWorkspace/[1;31m.github[0m




[1;34m╔══════════╣ [1;32mAnalyzing PGP-GPG Files (limit 70)
[0m/usr/bin/gpg
[1;90mnetpgpkeys Not Found
[0m[1;90mnetpgp Not Found
[0m
-rw-r--r-- 1 root root 2796 Mar 29  2021 /etc/apt/trusted.gpg.d/ubuntu-keyring-2012-archive[1;31m.gpg[0m
-rw-r--r-- 1 root root 2794 Mar 29  2021 /etc/apt/trusted.gpg.d/ubuntu-keyring-2012-cdimage[1;31m.gpg[0m
-rw-r--r-- 1 root root 1733 Mar 29  2021 /etc/apt/trusted.gpg.d/ubuntu-keyring-2018-archive[1;31m.gpg[0m
-rw------- 1 marketer marketer 1200 Jun 18 06:22 /home/marketer/.gnupg/trustdb[1;31m.gpg[0m
-rw-r--r-- 1 root root 7399 Sep 17  2018 /snap/core20/1611/usr/share/keyrings/ubuntu-archive-keyring[1;31m.gpg[0m
-rw-r--r-- 1 root root 6713 Oct 27  2016 /snap/core20/1611/usr/share/keyrings/ubuntu-archive-removed-keys[1;31m.gpg[0m
-rw-r--r-- 1 root root 4097 Feb  6  2018 /snap/core20/1611/usr/share/keyrings/ubuntu-cloudimage-keyring[1;31m.gpg[0m
-rw-r--r-- 1 root root 0 Jan 17  2018 /snap/core20/1611/usr/share/keyrings/ubuntu-cloudimage-removed-keys[1;31m.gpg[0m
-rw-r--r-- 1 root root 1227 May 27  2010 /snap/core20/1611/usr/share/keyrings/ubuntu-master-keyring[1;31m.gpg[0m
-rw-r--r-- 1 root root 3267 Jul  4  2022 /usr/share/gnupg/distsigkey[1;31m.gpg[0m
-rw-r--r-- 1 root root 2247 Nov 10  2021 /usr/share/keyrings/ubuntu-advantage-cc-eal[1;31m.gpg[0m
-rw-r--r-- 1 root root 2274 Jul 16  2021 /usr/share/keyrings/ubuntu-advantage-cis[1;31m.gpg[0m
-rw-r--r-- 1 root root 2236 Jul 13  2021 /usr/share/keyrings/ubuntu-advantage-esm-apps[1;31m.gpg[0m
-rw-r--r-- 1 root root 2264 Jul 13  2021 /usr/share/keyrings/ubuntu-advantage-esm-infra-trusty[1;31m.gpg[0m
-rw-r--r-- 1 root root 2275 Jul 16  2021 /usr/share/keyrings/ubuntu-advantage-fips[1;31m.gpg[0m
-rw-r--r-- 1 root root 2250 Apr 21  2022 /usr/share/keyrings/ubuntu-advantage-realtime-kernel[1;31m.gpg[0m
-rw-r--r-- 1 root root 2235 Oct  5  2021 /usr/share/keyrings/ubuntu-advantage-ros[1;31m.gpg[0m
-rw-r--r-- 1 root root 7399 Sep 17  2018 /usr/share/keyrings/ubuntu-archive-keyring[1;31m.gpg[0m
-rw-r--r-- 1 root root 6713 Oct 27  2016 /usr/share/keyrings/ubuntu-archive-removed-keys[1;31m.gpg[0m
-rw-r--r-- 1 root root 4097 Feb  6  2018 /usr/share/keyrings/ubuntu-cloudimage-keyring[1;31m.gpg[0m
-rw-r--r-- 1 root root 0 Jan 17  2018 /usr/share/keyrings/ubuntu-cloudimage-removed-keys[1;31m.gpg[0m
-rw-r--r-- 1 root root 1227 May 27  2010 /usr/share/keyrings/ubuntu-master-keyring[1;31m.gpg[0m
-rw-r--r-- 1 root root 2867 Feb 13  2020 /usr/share/popularity-contest/debian-popcon[1;31m.gpg[0m
-rw-r--r-- 1 root root 833 Aug 31  2022 /var/lib/apt/lists/_cdrom_dists_focal_Release[1;31m.gpg[0m
-----BEGIN PGP SIGNATURE-----
iQIzBAABCgAdFiEEhDk43yKNIvezdCvA2Uqj8O/iEJIFAmMPD6sACgkQ2Uqj8O/i
EJKNvg/8CnKx9hK6J++0crIG7kUCikDD8pb69icV5pPEuRRZWAvNnJiqrurx+/qa
nQCkYSwgqwcopoZdv11/tvKA1EvCb9vmdy7TPoeljvdiEFYEZsJNYKKgGEYnMl4X
oPntbly7XpyFyns0fJAVqq4kg8FejyzjcpAlzZcjmJ1UMzehpaRsab7qSUdIgl6S
lCQXErUwRd8GT1BiokAWVo4ZT/o/Nioe8FENBFBHNZqC37KiKbdLHCB1kPxidPV8
cpgsa7IFvhlHE5w52/J7VTlyZmpNripF5IoGPGJJd0Pe7NhtKQTdnzz4onfSPs2y
C2xkzjmbpyEiLalXtoDKVqp8SUEAIPx3tNGg9ExV7AB3MWonMy7qnrjupPttLPmC
KCmQ+dEyD9WyWt9BA6G8YY9Y5T9CCYWZDLp0ma/Sa5PlNYHm4PD0eCDdboJ9mnqy
GiXia0E3LZHxZoEUPDoTUxA673GttFWGAMBhID1Q+9XO6gIpEH5F7YMFxcSok2XR
1q2ylRYXOfwWLkRNCZuRp0r/Ha8bNw55zPflLL7DgtPi8WxaRCtZttInJ//qENQs
yxXA9BRPx9r4nRFVJnTZpc1FCyDCxa3/9axRZGeUrUNDSwyK8a+USUV/yplsiM0M
jQBf/vZtmbWb/V32lRfZDiA5k+xZXuuwMm+gzbwbs0+iBQYOerc=
=pXw5
-----END PGP SIGNATURE-----

drwx------ 3 marketer marketer 4096 Jun 18 06:25 /home/marketer/[1;31m.gnupg[0m

[1;34m╔══════════╣ [1;32mAnalyzing Cache Vi Files (limit 70)
[0m
-rw------- 1 marketer marketer 1083 Jun 18 06:22 /home/marketer/[1;31m.viminfo[0m


[1;34m╔══════════╣ [1;32mAnalyzing Postfix Files (limit 70)
[0m-rw-r--r-- 1 root root 813 Feb  2  2020 /snap/core20/1611/usr/share/bash-completion/completions/[1;31mpostfix[0m

-rw-r--r-- 1 root root 813 Feb  2  2020 /usr/share/bash-completion/completions/[1;31mpostfix[0m


[1;34m╔══════════╣ [1;32mAnalyzing FTP Files (limit 70)
[0m


-rw-r--r-- 1 root root 69 May  1 10:11 /etc/php/7.4/mods-available/[1;31mftp.ini[0m
-rw-r--r-- 1 root root 69 May  1 10:11 /usr/share/php7.4-common/common/[1;31mftp.ini[0m






[1;34m╔══════════╣ [1;32mAnalyzing DNS Files (limit 70)
[0m-rw-r--r-- 1 root root 832 Feb  2  2020 /usr/share/bash-completion/completions/[1;31mbind[0m
[1;31m-rw-r--r-- 1 root root 832 Feb  2  2020 /usr/share/bash-completion/completions/bind[0m




[1;34m╔══════════╣ [1;32mAnalyzing Interesting logs Files (limit 70)
[0m-rw-r----- 1 root adm 362168 Jun 18 06:20 /var/log/apache2/[1;31maccess.log[0m

-rw-r----- 1 root adm 38748 Jun 18 06:20 /var/log/apache2/[1;31merror.log[0m
-rw-r----- 1 mysql adm 4710 Jun 18 04:28 /var/log/mysql/[1;31merror.log[0m

[1;34m╔══════════╣ [1;32mAnalyzing Windows Files (limit 70)
[0m





















lrwxrwxrwx 1 root root 20 Jun 18 03:53 /etc/alternatives/my.cnf -> /etc/mysql/mysql.cnf
lrwxrwxrwx 1 root root 24 Jun 18 03:52 /etc/mysql/my.cnf -> /etc/alternatives/[1;31mmy.cnf[0m
-rw-r--r-- 1 root root 81 Jun 18 03:53 /var/lib/dpkg/alternatives/[1;31mmy.cnf[0m





























[1;34m╔══════════╣ [1;32mAnalyzing Other Interesting Files (limit 70)
[0m-rw-r--r-- 1 root root 3771 Feb 25  2020 /etc/skel/[1;31m.bashrc[0m
-rw-r--r-- 1 marketer marketer 3771 Feb 25  2020 /home/marketer/[1;31m.bashrc[0m
-rw-r--r-- 1 root root 3771 Feb 25  2020 /snap/core20/1611/etc/skel/[1;31m.bashrc[0m





-rw-r--r-- 1 root root 807 Feb 25  2020 /etc/skel/[1;31m.profile[0m
-rw-r--r-- 1 marketer marketer 807 Feb 25  2020 /home/marketer/[1;31m.profile[0m
-rw-r--r-- 1 root root 807 Feb 25  2020 /snap/core20/1611/etc/skel/[1;31m.profile[0m



-rw-r--r-- 1 marketer marketer 0 Jun 18 03:49 /home/marketer/[1;31m.sudo_as_admin_successful[0m



[1;34m                      ╔════════════════════════════════════╗
══════════════════════╣ [1;32mFiles with Interesting Permissions[1;34m ╠══════════════════════
[1;34m                      ╚════════════════════════════════════╝[0m
[1;34m╔══════════╣ [1;32mSUID - Check easy privesc, exploits and write perms
[0m[1;34m╚ [1;34m[3mhttps://book.hacktricks.xyz/linux-hardening/privilege-escalation#sudo-and-suid
[0m[1;90mstrings Not Found
[0m-rwsr-xr-x 1 root root 140K May 11  2022 /usr/lib/snapd[1;31m/snap-confine  --->  Ubuntu_snapd<2.37_dirty_sock_Local_Privilege_Escalation(CVE-2019-7304)[0m
-rwsr-xr-x 1 root root 23K Feb 21  2022 /usr/lib/policykit-1[1;32m/polkit-agent-helper-1[0m
-rwsr-xr-- 1 root messagebus 51K Apr 29  2022 /usr/lib/dbus-1.0[1;32m/dbus-daemon-launch-helper[0m
-rwsr-xr-x 1 root root 467K Jan  2 17:13 /usr/lib/openssh[1;32m/ssh-keysign[0m
-rwsr-xr-x 1 root root 15K Jul  8  2019 /usr/lib/eject[1;32m/dmcrypt-get-device[0m
-rwsr-xr-x 1 root root 52K Mar 14  2022 /usr/bin[1;32m/chsh[0m
-rwsr-sr-x 1 daemon daemon 55K Nov 12  2018 /usr/bin[1;31m/at  --->  RTru64_UNIX_4.0g(CVE-2002-1614)[0m
-rwsr-xr-x 1 root root 67K Mar 14  2022 /usr/bin[1;31m/passwd  --->  Apple_Mac_OSX(03-2006)/Solaris_8/9(12-2004)/SPARC_8/9/Sun_Solaris_2.3_to_2.5.1(02-1997)[0m
-rwsr-xr-x 1 root root 163K Jan 19  2021 /usr/bin[1;31m/sudo  --->  check_if_the_sudo_version_is_vulnerable[0m
-rwsr-xr-x 1 root root 55K Feb  7  2022 /usr/bin[1;31m/mount  --->  Apple_Mac_OSX(Lion)_Kernel_xnu-1699.32.7_except_xnu-1699.24.8[0m
-rwsr-xr-x 1 root root 67K Feb  7  2022 /usr/bin[1;32m/su[0m
-rwsr-xr-x 1 root root 87K Mar 14  2022 /usr/bin[1;32m/gpasswd[0m
-rwsr-xr-x 1 root root 39K Feb  7  2022 /usr/bin[1;31m/umount  --->  BSD/Linux(08-1996)[0m
-rwsr-xr-x 1 root root 84K Mar 14  2022 /usr/bin[1;31m/chfn  --->  SuSE_9.3/10[0m
-rwsr-xr-x 1 root root 44K Mar 14  2022 /usr/bin[1;31m/newgrp  --->  HP-UX_10.20[0m
-rwsr-xr-x 1 root root 39K Mar  7  2020 /usr/bin[1;32m/fusermount[0m
-rwsr-xr-x 1 root root 31K Feb 21  2022 /usr/bin[1;31m/pkexec  --->  Linux4.10_to_5.1.17(CVE-2019-13272)/rhel_6(CVE-2011-1485)[0m
-rwsr-xr-x 1 root root 121K Jun 15  2022 /snap/snapd/16292/usr/lib/snapd[1;31m/snap-confine  --->  Ubuntu_snapd<2.37_dirty_sock_Local_Privilege_Escalation(CVE-2019-7304)[0m
-rwsr-xr-x 1 root root 84K Mar 14  2022 /snap/core20/1611/usr/bin[1;31m/chfn  --->  SuSE_9.3/10[0m
-rwsr-xr-x 1 root root 52K Mar 14  2022 /snap/core20/1611/usr/bin[1;32m/chsh[0m
-rwsr-xr-x 1 root root 87K Mar 14  2022 /snap/core20/1611/usr/bin[1;32m/gpasswd[0m
-rwsr-xr-x 1 root root 55K Feb  7  2022 /snap/core20/1611/usr/bin[1;31m/mount  --->  Apple_Mac_OSX(Lion)_Kernel_xnu-1699.32.7_except_xnu-1699.24.8[0m
-rwsr-xr-x 1 root root 44K Mar 14  2022 /snap/core20/1611/usr/bin[1;31m/newgrp  --->  HP-UX_10.20[0m
-rwsr-xr-x 1 root root 67K Mar 14  2022 /snap/core20/1611/usr/bin[1;31m/passwd  --->  Apple_Mac_OSX(03-2006)/Solaris_8/9(12-2004)/SPARC_8/9/Sun_Solaris_2.3_to_2.5.1(02-1997)[0m
-rwsr-xr-x 1 root root 67K Feb  7  2022 /snap/core20/1611/usr/bin[1;32m/su[0m
-rwsr-xr-x 1 root root 163K Jan 19  2021 /snap/core20/1611/usr/bin[1;31m/sudo  --->  check_if_the_sudo_version_is_vulnerable[0m
-rwsr-xr-x 1 root root 39K Feb  7  2022 /snap/core20/1611/usr/bin[1;31m/umount  --->  BSD/Linux(08-1996)[0m
-rwsr-xr-- 1 root systemd-resolve 51K Apr 29  2022 /snap/core20/1611/usr/lib/dbus-1.0[1;32m/dbus-daemon-launch-helper[0m
-rwsr-xr-x 1 root root 463K Mar 30  2022 /snap/core20/1611/usr/lib/openssh[1;32m/ssh-keysign[0m

[1;34m╔══════════╣ [1;32mSGID
[0m[1;34m╚ [1;34m[3mhttps://book.hacktricks.xyz/linux-hardening/privilege-escalation#sudo-and-suid
[0m-rwxr-sr-x 1 root utmp 15K Sep 30  2019 /usr/lib/x86_64-linux-gnu/utempter[1;32m/utempter[0m
-rwxr-sr-x 1 root shadow 43K Sep 17  2021 /usr/sbin[1;32m/pam_extrausers_chkpwd[0m
-rwxr-sr-x 1 root shadow 43K Sep 17  2021 /usr/sbin[1;32m/unix_chkpwd[0m
-rwxr-sr-x 1 root tty 15K Mar 30  2020 /usr/bin[1;32m/bsd-write[0m
-rwxr-sr-x 1 root shadow 31K Mar 14  2022 /usr/bin[1;32m/expiry[0m
-rwsr-sr-x 1 daemon daemon 55K Nov 12  2018 /usr/bin[1;31m/at  --->  RTru64_UNIX_4.0g(CVE-2002-1614)[0m
-rwxr-sr-x 1 root crontab 43K Feb 13  2020 /usr/bin[1;32m/crontab[0m
-rwxr-sr-x 1 root shadow 83K Mar 14  2022 /usr/bin[1;32m/chage[0m
-rwxr-sr-x 1 root tty 35K Feb  7  2022 /usr/bin[1;32m/wall[0m
-rwxr-sr-x 1 root ssh 343K Jan  2 17:13 /usr/bin[1;32m/ssh-agent[0m
-rwxr-sr-x 1 root shadow 83K Mar 14  2022 /snap/core20/1611/usr/bin[1;32m/chage[0m
-rwxr-sr-x 1 root shadow 31K Mar 14  2022 /snap/core20/1611/usr/bin[1;32m/expiry[0m
-rwxr-sr-x 1 root crontab 343K Mar 30  2022 /snap/core20/1611/usr/bin[1;32m/ssh-agent[0m
-rwxr-sr-x 1 root tty 35K Feb  7  2022 /snap/core20/1611/usr/bin[1;32m/wall[0m
-rwxr-sr-x 1 root shadow 43K Sep 17  2021 /snap/core20/1611/usr/sbin[1;32m/pam_extrausers_chkpwd[0m
-rwxr-sr-x 1 root shadow 43K Sep 17  2021 /snap/core20/1611/usr/sbin[1;32m/unix_chkpwd[0m

[1;34m╔══════════╣ [1;32mChecking misconfigurations of ld.so
[0m[1;34m╚ [1;34m[3mhttps://book.hacktricks.xyz/linux-hardening/privilege-escalation#ld.so
[0m[1;32m[3m/etc/ld.so.conf
[0mContent of /etc/ld.so.conf:
include /etc/ld.so.conf.d/*.conf

[1;32m[3m/etc/ld.so.conf.d
[0m[1;32m[3m  /etc/ld.so.conf.d/libc.conf
[0m[3m  - [1;32m/usr/local/lib[0m[0m
[1;32m[3m  /etc/ld.so.conf.d/x86_64-linux-gnu.conf
[0m[3m  - [1;32m/usr/local/lib/x86_64-linux-gnu[0m[0m
[3m  - [1;32m/lib/x86_64-linux-gnu[0m[0m
[3m  - [1;32m/usr/lib/x86_64-linux-gnu[0m[0m

[3m[1;32m/etc/ld.so.preload
[0m[1;34m╔══════════╣ [1;32mCapabilities
[0m[1;34m╚ [1;34m[3mhttps://book.hacktricks.xyz/linux-hardening/privilege-escalation#capabilities
[0m[1;34m══╣ [1;32mCurrent shell capabilities
[0mCapInh:  0x0000000000000000=
CapPrm:  0x0000000000000000=
CapEff:	 0x0000000000000000=
CapBnd:  0x0000003fffffffff=[1;31mcap_chown[0m,cap_dac_override,cap_dac_read_search,cap_fowner,cap_fsetid,cap_kill,cap_setgid,cap_setuid,cap_setpcap,cap_linux_immutable,cap_net_bind_service,cap_net_broadcast,cap_net_admin,cap_net_raw,cap_ipc_lock,cap_ipc_owner,cap_sys_module,cap_sys_rawio,cap_sys_chroot,cap_sys_ptrace,cap_sys_pacct,cap_sys_admin,cap_sys_boot,cap_sys_nice,cap_sys_resource,cap_sys_time,cap_sys_tty_config,cap_mknod,cap_lease,cap_audit_write,cap_audit_control,cap_setfcap,cap_mac_override,cap_mac_admin,cap_syslog,cap_wake_alarm,cap_block_suspend,cap_audit_read
CapAmb:  0x0000000000000000=

[1;34m══╣ [1;32mParent process capabilities
[0mCapInh:	 0x0000000000000000=
CapPrm:	 0x0000000000000000=
CapEff:	 0x0000000000000000=
CapBnd:	 0x0000003fffffffff=[1;31mcap_chown[0m,cap_dac_override,cap_dac_read_search,cap_fowner,cap_fsetid,cap_kill,cap_setgid,cap_setuid,cap_setpcap,cap_linux_immutable,cap_net_bind_service,cap_net_broadcast,cap_net_admin,cap_net_raw,cap_ipc_lock,cap_ipc_owner,cap_sys_module,cap_sys_rawio,cap_sys_chroot,cap_sys_ptrace,cap_sys_pacct,cap_sys_admin,cap_sys_boot,cap_sys_nice,cap_sys_resource,cap_sys_time,cap_sys_tty_config,cap_mknod,cap_lease,cap_audit_write,cap_audit_control,cap_setfcap,cap_mac_override,cap_mac_admin,cap_syslog,cap_wake_alarm,cap_block_suspend,cap_audit_read
CapAmb:	 0x0000000000000000=


Files with capabilities (limited to 50):
/usr/lib/x86_64-linux-gnu/gstreamer1.0/gstreamer-1.0/gst-ptp-helper = [1;31mcap_net_bind_service[0m,cap_net_admin+ep
/usr/bin/mtr-packet = [1;31mcap_net_raw[0m+ep
/usr/bin/ping = [1;31mcap_net_raw[0m+ep
/usr/bin/traceroute6.iputils = [1;31mcap_net_raw[0m+ep
/snap/core20/1611/usr/bin/ping = [1;31mcap_net_raw[0m+ep

[1;34m╔══════════╣ [1;32mUsers with capabilities
[0m[1;34m╚ [1;34m[3mhttps://book.hacktricks.xyz/linux-hardening/privilege-escalation#capabilities
[0m
[1;34m╔══════════╣ [1;32mAppArmor binary profiles
[0m-rw-r--r-- 1 root root  3461 Jun 21  2022 sbin.dhclient
-rw-r--r-- 1 root root  3202 Feb 25  2020 usr.bin.man
-rw-r--r-- 1 root root 28376 May 11  2022 usr.lib.snapd.snap-confine.real
-rw-r--r-- 1 root root  2006 May 22 16:16 usr.sbin.mysqld
-rw-r--r-- 1 root root  1575 Feb 11  2020 usr.sbin.rsyslogd
-rw-r--r-- 1 root root  1385 Dec  7  2019 usr.sbin.tcpdump

[1;34m╔══════════╣ [1;32mFiles with ACLs (limited to 50)
[0m[1;34m╚ [1;34m[3mhttps://book.hacktricks.xyz/linux-hardening/privilege-escalation#acls
[0m[1;90mfiles with acls in searched folders Not Found
[0m
[1;34m╔══════════╣ [1;32mFiles (scripts) in /etc/profile.d/
[0m[1;34m╚ [1;34m[3mhttps://book.hacktricks.xyz/linux-hardening/privilege-escalation#profiles-files
[0mtotal 44
drwxr-xr-x   2 root root 4096 Aug 31  2022 .
drwxr-xr-x 109 root root 4096 Jun 18 04:28 ..
-rw-r--r--   1 root root   96 Dec  5  2019 [1;32m01-locale-fix.sh[0m
-rw-r--r--   1 root root  835 May 11  2022 [1;32mapps-bin-path.sh[0m
-rw-r--r--   1 root root  729 Feb  2  2020 [1;32mbash_completion.sh[0m
-rw-r--r--   1 root root 1003 Aug 13  2019 [1;32mcedilla-portuguese.sh[0m
-rw-r--r--   1 root root 1107 Nov  3  2019 [1;32mgawk.csh[0m
-rw-r--r--   1 root root  757 Nov  3  2019 [1;32mgawk.sh[0m
-rw-r--r--   1 root root 1557 Feb 17  2020 [1;32mZ97-byobu.sh[0m
-rwxr-xr-x   1 root root  873 Jun 15  2022 [1;32mZ99-cloudinit-warnings.sh[0m
-rwxr-xr-x   1 root root 3417 Jun 15  2022 [1;32mZ99-cloud-locale-test.sh[0m

[1;34m╔══════════╣ [1;32mPermissions in init, init.d, systemd, and rc.d
[0m[1;34m╚ [1;34m[3mhttps://book.hacktricks.xyz/linux-hardening/privilege-escalation#init-init-d-systemd-and-rc-d
[0m
[1;34m═╣ [1;32mHashes inside passwd file? ........... [0m[1;90mNo
[0m[1;34m═╣ [1;32mWritable passwd file? ................ [0m[1;90mNo
[0m[1;34m═╣ [1;32mCredentials in fstab/mtab? ........... [0m[1;90mNo
[0m[1;34m═╣ [1;32mCan I read shadow files? ............. [0m[1;90mNo
[0m[1;34m═╣ [1;32mCan I read shadow plists? ............ [0m[1;90mNo
[0m[1;34m═╣ [1;32mCan I write shadow plists? ........... [0m[1;90mNo
[0m[1;34m═╣ [1;32mCan I read opasswd file? ............. [0m[1;90mNo
[0m[1;34m═╣ [1;32mCan I write in network-scripts? ...... [0m[1;90mNo
[0m[1;34m═╣ [1;32mCan I read root folder? .............. [0m[1;90mNo
[0m
[1;34m╔══════════╣ [1;32mSearching root files in home dirs (limit 30)
[0m/home/
/root/
/var/www

[1;34m╔══════════╣ [1;32mSearching folders owned by me containing others files on it (limit 100)
[0m-rw-r--r-- 1 [1;34m[1;32mwww-data[0m[0m [1;34m[1;32mwww-data[0m[0m 51 Jun 18 05:42 66711e5ad00fd2.09568800.txt
-rw-r--r-- 1 [1;34m[1;32mwww-data[0m[0m [1;34m[1;32mwww-data[0m[0m 51 Jun 18 05:43 66711e80aea103.08881829.csv
-rw-r--r-- 1 [1;34m[1;32mwww-data[0m[0m [1;34m[1;32mwww-data[0m[0m 51 Jun 18 05:45 66711edd015bc6.40414899.csv
-rw-r--r-- 1 [1;34m[1;32mwww-data[0m[0m [1;34m[1;32mwww-data[0m[0m 51 Jun 18 05:46 66711f1901ae74.44208758.csv
-rw-r--r-- 1 [1;34m[1;32mwww-data[0m[0m [1;34m[1;32mwww-data[0m[0m 51 Jun 18 05:47 66711f712c2d05.28788893.csv
-rw-r--r-- 1 [1;34m[1;32mwww-data[0m[0m [1;34m[1;32mwww-data[0m[0m 51 Jun 18 05:47 66711f8e5ab7f7.61396524.csv
-rw-r--r-- 1 [1;34m[1;32mwww-data[0m[0m [1;34m[1;32mwww-data[0m[0m 51 Jun 18 05:48 66711fad1be095.78911824.csv
-rw-r--r-- 1 [1;34m[1;32mwww-data[0m[0m [1;34m[1;32mwww-data[0m[0m 52 Jun 18 05:41 66711e055c5c85.53554976.txt
total 32

[1;34m╔══════════╣ [1;32mReadable files belonging to root and readable by me but not world readable
[0m-rw-r----- 1 root adm 4882 Jun 18 03:48 [1;31m/var/log/cloud-init-output.log[0m
-rw-r----- 1 root adm 0 Jun 18 03:53 [1;31m/var/log/apache2/other_vhosts_access.log[0m
-rw-r----- 1 root adm 38748 Jun 18 06:20 [1;31m/var/log/apache2/error.log[0m
-rw-r----- 1 root adm 362168 Jun 18 06:20 [1;31m/var/log/apache2/access.log[0m
-rw-r----- 1 root adm 148714 Jun 18 04:28 [1;31m/var/log/apt/term.log[0m
-rw-r----- 1 root adm 56 Jun 18 03:45 [1;31m/etc/apt/sources.list[0m

[1;34m╔══════════╣ [1;32mInteresting writable files owned by me or writable by everyone (not in Home) (max 500)
[0m[1;34m╚ [1;34m[3mhttps://book.hacktricks.xyz/linux-hardening/privilege-escalation#writable-files
[0m/dev/mqueue
/dev/shm
/home/marketer
/run/lock
/run/screen
/run/user/1000
/run/user/1000/dbus-1
/run/user/1000/dbus-1/services
/run/user/1000/gnupg
/run/user/1000/inaccessible
/run/user/1000/systemd
/run/user/1000/systemd/transient
/run/user/1000/systemd/units
/snap/core20/1611/run/lock
/snap/core20/1611/tmp
/snap/core20/1611/var/tmp
/tmp
/tmp/.font-unix
/tmp/.ICE-unix
/tmp/.Test-unix
/tmp/tmux-1000
/tmp/.X11-unix
[3m#)You_can_write_even_more_files_inside_last_directory
[0m
/var/crash
/var[1;31m/lib/[0mphp/sessions
/var/tmp
/var/www/html
/var/www/html/api
/var/www/html/api/authentication.php
/var/www/html/api/change-password.php
/var/www/html/api/create-log.php
/var/www/html/api/db.php
/var/www/html/api/login.php
[3m#)You_can_write_even_more_files_inside_last_directory
[0m
/var/www/html/assets
/var/www/html/assets/css
/var/www/html/assets/css/main.css
/var/www/html/assets/img
/var/www/html/assets/img/blog
/var/www/html/assets/img/clients
/var/www/html/assets/img/portfolio
/var/www/html/assets/img/team
/var/www/html/assets/img/testimonials
/var/www/html/assets/js
/var/www/html/assets/js/main.js
/var/www/html/assets/scss
/var/www/html/assets/scss/Readme.txt
/var/www/html/assets/vendor
/var/www/html/assets/vendor/aos
/var/www/html/assets/vendor/aos/aos.cjs.js
/var/www/html/assets/vendor/aos/aos.css
/var/www/html/assets/vendor/aos/aos.esm.js
/var/www/html/assets/vendor/aos/aos.js
/var/www/html/assets/vendor/aos/aos.js.map
/var/www/html/assets/vendor/bootstrap
/var/www/html/assets/vendor/bootstrap/css
/var/www/html/assets/vendor/bootstrap/css/bootstrap.css
/var/www/html/assets/vendor/bootstrap/css/bootstrap.css.map
/var/www/html/assets/vendor/bootstrap/css/bootstrap-grid.css
/var/www/html/assets/vendor/bootstrap/css/bootstrap-grid.css.map
/var/www/html/assets/vendor/bootstrap/css/bootstrap-grid.min.css
[3m#)You_can_write_even_more_files_inside_last_directory
[0m
/var/www/html/assets/vendor/bootstrap-icons
/var/www/html/assets/vendor/bootstrap-icons/bootstrap-icons.css
/var/www/html/assets/vendor/bootstrap-icons/bootstrap-icons.json
/var/www/html/assets/vendor/bootstrap-icons/bootstrap-icons.min.css
/var/www/html/assets/vendor/bootstrap-icons/bootstrap-icons.scss
/var/www/html/assets/vendor/bootstrap-icons/fonts
/var/www/html/assets/vendor/bootstrap-icons/fonts/bootstrap-icons.woff
/var/www/html/assets/vendor/bootstrap-icons/fonts/bootstrap-icons.woff2
/var/www/html/assets/vendor/bootstrap/js
/var/www/html/assets/vendor/bootstrap/js/bootstrap.bundle.js
/var/www/html/assets/vendor/bootstrap/js/bootstrap.bundle.js.map
/var/www/html/assets/vendor/bootstrap/js/bootstrap.bundle.min.js
/var/www/html/assets/vendor/bootstrap/js/bootstrap.bundle.min.js.map
/var/www/html/assets/vendor/bootstrap/js/bootstrap.esm.js
[3m#)You_can_write_even_more_files_inside_last_directory
[0m
/var/www/html/assets/vendor/glightbox
/var/www/html/assets/vendor/glightbox/css
/var/www/html/assets/vendor/glightbox/css/glightbox.css
/var/www/html/assets/vendor/glightbox/css/glightbox.min.css
/var/www/html/assets/vendor/glightbox/js
/var/www/html/assets/vendor/glightbox/js/glightbox.js
/var/www/html/assets/vendor/glightbox/js/glightbox.min.js
/var/www/html/assets/vendor/imagesloaded
/var/www/html/assets/vendor/imagesloaded/imagesloaded.pkgd.min.js
/var/www/html/assets/vendor/isotope-layout
/var/www/html/assets/vendor/isotope-layout/isotope.pkgd.js
/var/www/html/assets/vendor/isotope-layout/isotope.pkgd.min.js
/var/www/html/assets/vendor/php-email-form
/var/www/html/assets/vendor/php-email-form/validate.js
/var/www/html/assets/vendor/purecounter
/var/www/html/assets/vendor/purecounter/purecounter_vanilla.js
/var/www/html/assets/vendor/purecounter/purecounter_vanilla.js.map
/var/www/html/assets/vendor/swiper
/var/www/html/assets/vendor/swiper/swiper-bundle.min.css
/var/www/html/assets/vendor/swiper/swiper-bundle.min.js
/var/www/html/assets/vendor/swiper/swiper-bundle.min.js.map
/var/www/html/dashboard
/var/www/html/dashboard/assets
/var/www/html/dashboard/assets/css
/var/www/html/dashboard/assets/css/main.css
/var/www/html/dashboard/assets/img
/var/www/html/dashboard/assets/img/blog
/var/www/html/dashboard/assets/img/clients
/var/www/html/dashboard/assets/img/portfolio
/var/www/html/dashboard/assets/img/team
/var/www/html/dashboard/assets/img/testimonials
/var/www/html/dashboard/assets/js
/var/www/html/dashboard/assets/js/main.js
/var/www/html/dashboard/assets/scss
/var/www/html/dashboard/assets/scss/Readme.txt
/var/www/html/dashboard/assets/vendor
/var/www/html/dashboard/assets/vendor/aos
/var/www/html/dashboard/assets/vendor/aos/aos.cjs.js
/var/www/html/dashboard/assets/vendor/aos/aos.css
/var/www/html/dashboard/assets/vendor/aos/aos.esm.js
/var/www/html/dashboard/assets/vendor/aos/aos.js
/var/www/html/dashboard/assets/vendor/aos/aos.js.map
/var/www/html/dashboard/assets/vendor/bootstrap
/var/www/html/dashboard/assets/vendor/bootstrap/css
/var/www/html/dashboard/assets/vendor/bootstrap/css/bootstrap.css
/var/www/html/dashboard/assets/vendor/bootstrap/css/bootstrap.css.map
/var/www/html/dashboard/assets/vendor/bootstrap/css/bootstrap-grid.css
/var/www/html/dashboard/assets/vendor/bootstrap/css/bootstrap-grid.css.map
/var/www/html/dashboard/assets/vendor/bootstrap/css/bootstrap-grid.min.css
[3m#)You_can_write_even_more_files_inside_last_directory
[0m
/var/www/html/dashboard/assets/vendor/bootstrap-icons
/var/www/html/dashboard/assets/vendor/bootstrap-icons/bootstrap-icons.css
/var/www/html/dashboard/assets/vendor/bootstrap-icons/bootstrap-icons.json
/var/www/html/dashboard/assets/vendor/bootstrap-icons/bootstrap-icons.min.css
/var/www/html/dashboard/assets/vendor/bootstrap-icons/bootstrap-icons.scss
/var/www/html/dashboard/assets/vendor/bootstrap-icons/fonts
/var/www/html/dashboard/assets/vendor/bootstrap-icons/fonts/bootstrap-icons.woff
/var/www/html/dashboard/assets/vendor/bootstrap-icons/fonts/bootstrap-icons.woff2
/var/www/html/dashboard/assets/vendor/bootstrap/js
/var/www/html/dashboard/assets/vendor/bootstrap/js/bootstrap.bundle.js
/var/www/html/dashboard/assets/vendor/bootstrap/js/bootstrap.bundle.js.map
/var/www/html/dashboard/assets/vendor/bootstrap/js/bootstrap.bundle.min.js
/var/www/html/dashboard/assets/vendor/bootstrap/js/bootstrap.bundle.min.js.map
/var/www/html/dashboard/assets/vendor/bootstrap/js/bootstrap.esm.js
[3m#)You_can_write_even_more_files_inside_last_directory
[0m
/var/www/html/dashboard/assets/vendor/glightbox
/var/www/html/dashboard/assets/vendor/glightbox/css
/var/www/html/dashboard/assets/vendor/glightbox/css/glightbox.css
/var/www/html/dashboard/assets/vendor/glightbox/css/glightbox.min.css
/var/www/html/dashboard/assets/vendor/glightbox/js
/var/www/html/dashboard/assets/vendor/glightbox/js/glightbox.js
/var/www/html/dashboard/assets/vendor/glightbox/js/glightbox.min.js
/var/www/html/dashboard/assets/vendor/imagesloaded
/var/www/html/dashboard/assets/vendor/imagesloaded/imagesloaded.pkgd.min.js
/var/www/html/dashboard/assets/vendor/isotope-layout
/var/www/html/dashboard/assets/vendor/isotope-layout/isotope.pkgd.js
/var/www/html/dashboard/assets/vendor/isotope-layout/isotope.pkgd.min.js
/var/www/html/dashboard/assets/vendor/php-email-form
/var/www/html/dashboard/assets/vendor/php-email-form/validate.js
/var/www/html/dashboard/assets/vendor/purecounter
/var/www/html/dashboard/assets/vendor/purecounter/purecounter_vanilla.js
/var/www/html/dashboard/assets/vendor/purecounter/purecounter_vanilla.js.map
/var/www/html/dashboard/assets/vendor/swiper
/var/www/html/dashboard/assets/vendor/swiper/swiper-bundle.min.css
/var/www/html/dashboard/assets/vendor/swiper/swiper-bundle.min.js
/var/www/html/dashboard/assets/vendor/swiper/swiper-bundle.min.js.map
/var/www/html/dashboard/index.php
/var/www/html/dashboard/linpeas[1;31m.sh[0m
/var/www/html/dashboard/output.txt
/var/www/html/dashboard/.pkexec
/var/www/html/dashboard/.pkexec/gconv-modules
/var/www/html/dashboard/settings.php
/var/www/html/index.php
/var/www/html/login.php
/var/www/html/signup.php
/var/www/html/template
/var/www/html/template/assets
/var/www/html/template/assets/css
/var/www/html/template/assets/css/main.css
/var/www/html/template/assets/img
/var/www/html/template/assets/img/blog
/var/www/html/template/assets/img/clients
/var/www/html/template/assets/img/portfolio
/var/www/html/template/assets/img/team
/var/www/html/template/assets/img/testimonials
/var/www/html/template/assets/js
/var/www/html/template/assets/js/main.js
/var/www/html/template/assets/scss
/var/www/html/template/assets/scss/Readme.txt
/var/www/html/template/assets/vendor
/var/www/html/template/assets/vendor/aos
/var/www/html/template/assets/vendor/aos/aos.cjs.js
/var/www/html/template/assets/vendor/aos/aos.css
/var/www/html/template/assets/vendor/aos/aos.esm.js
/var/www/html/template/assets/vendor/aos/aos.js
/var/www/html/template/assets/vendor/aos/aos.js.map
/var/www/html/template/assets/vendor/bootstrap
/var/www/html/template/assets/vendor/bootstrap/css
/var/www/html/template/assets/vendor/bootstrap/css/bootstrap.css
/var/www/html/template/assets/vendor/bootstrap/css/bootstrap.css.map
/var/www/html/template/assets/vendor/bootstrap/css/bootstrap-grid.css
/var/www/html/template/assets/vendor/bootstrap/css/bootstrap-grid.css.map
/var/www/html/template/assets/vendor/bootstrap/css/bootstrap-grid.min.css
[3m#)You_can_write_even_more_files_inside_last_directory
[0m
/var/www/html/template/assets/vendor/bootstrap-icons
/var/www/html/template/assets/vendor/bootstrap-icons/bootstrap-icons.css
/var/www/html/template/assets/vendor/bootstrap-icons/bootstrap-icons.json
/var/www/html/template/assets/vendor/bootstrap-icons/bootstrap-icons.min.css
/var/www/html/template/assets/vendor/bootstrap-icons/bootstrap-icons.scss
/var/www/html/template/assets/vendor/bootstrap-icons/fonts
/var/www/html/template/assets/vendor/bootstrap-icons/fonts/bootstrap-icons.woff
/var/www/html/template/assets/vendor/bootstrap-icons/fonts/bootstrap-icons.woff2
/var/www/html/template/assets/vendor/bootstrap/js
/var/www/html/template/assets/vendor/bootstrap/js/bootstrap.bundle.js
/var/www/html/template/assets/vendor/bootstrap/js/bootstrap.bundle.js.map
/var/www/html/template/assets/vendor/bootstrap/js/bootstrap.bundle.min.js
/var/www/html/template/assets/vendor/bootstrap/js/bootstrap.bundle.min.js.map
/var/www/html/template/assets/vendor/bootstrap/js/bootstrap.esm.js
[3m#)You_can_write_even_more_files_inside_last_directory
[0m
/var/www/html/template/assets/vendor/glightbox
/var/www/html/template/assets/vendor/glightbox/css
/var/www/html/template/assets/vendor/glightbox/css/glightbox.css
/var/www/html/template/assets/vendor/glightbox/css/glightbox.min.css
/var/www/html/template/assets/vendor/glightbox/js
/var/www/html/template/assets/vendor/glightbox/js/glightbox.js
/var/www/html/template/assets/vendor/glightbox/js/glightbox.min.js
/var/www/html/template/assets/vendor/imagesloaded
/var/www/html/template/assets/vendor/imagesloaded/imagesloaded.pkgd.min.js
/var/www/html/template/assets/vendor/isotope-layout
/var/www/html/template/assets/vendor/isotope-layout/isotope.pkgd.js
/var/www/html/template/assets/vendor/isotope-layout/isotope.pkgd.min.js
/var/www/html/template/assets/vendor/php-email-form
/var/www/html/template/assets/vendor/php-email-form/validate.js
/var/www/html/template/assets/vendor/purecounter
/var/www/html/template/assets/vendor/purecounter/purecounter_vanilla.js
/var/www/html/template/assets/vendor/purecounter/purecounter_vanilla.js.map
/var/www/html/template/assets/vendor/swiper
/var/www/html/template/assets/vendor/swiper/swiper-bundle.min.css
/var/www/html/template/assets/vendor/swiper/swiper-bundle.min.js
/var/www/html/template/assets/vendor/swiper/swiper-bundle.min.js.map
/var/www/html/template/blog-details.html
/var/www/html/template/blog.html
/var/www/html/template/FlexStart
/var/www/html/template/FlexStart.zip
/var/www/html/template/forms
/var/www/html/template/forms/contact.php
/var/www/html/template/forms/newsletter.php
/var/www/html/template/forms/Readme.txt
/var/www/html/template/index.html
/var/www/html/template/portfolio-details.html
/var/www/html/template/Readme.txt
/var/www/html/template/service-details.html
/var/www/html/template/starter-page.html

[1;34m╔══════════╣ [1;32mInteresting GROUP writable files (not in Home) (max 500)
[0m[1;34m╚ [1;34m[3mhttps://book.hacktricks.xyz/linux-hardening/privilege-escalation#writable-files
[0m  Group [1;32mmarketer:
[0m/var/www/html/assets
/var/www/html/assets/img
/var/www/html/assets/img/testimonials
/var/www/html/assets/img/clients
/var/www/html/assets/img/blog
/var/www/html/assets/img/portfolio
/var/www/html/assets/img/team
/var/www/html/assets/scss
/var/www/html/assets/scss/Readme.txt
/var/www/html/assets/vendor
/var/www/html/assets/vendor/isotope-layout
/var/www/html/assets/vendor/isotope-layout/isotope.pkgd.js
/var/www/html/assets/vendor/isotope-layout/isotope.pkgd.min.js
/var/www/html/assets/vendor/bootstrap-icons
/var/www/html/assets/vendor/bootstrap-icons/bootstrap-icons.json
/var/www/html/assets/vendor/bootstrap-icons/bootstrap-icons.css
/var/www/html/assets/vendor/bootstrap-icons/bootstrap-icons.scss
/var/www/html/assets/vendor/bootstrap-icons/fonts
/var/www/html/assets/vendor/bootstrap-icons/fonts/bootstrap-icons.woff2
/var/www/html/assets/vendor/bootstrap-icons/fonts/bootstrap-icons.woff
/var/www/html/assets/vendor/bootstrap-icons/bootstrap-icons.min.css
/var/www/html/assets/vendor/imagesloaded
/var/www/html/assets/vendor/imagesloaded/imagesloaded.pkgd.min.js
/var/www/html/assets/vendor/bootstrap
/var/www/html/assets/vendor/bootstrap/css
/var/www/html/assets/vendor/bootstrap/css/bootstrap-grid.rtl.css
/var/www/html/assets/vendor/bootstrap/css/bootstrap.min.css
/var/www/html/assets/vendor/bootstrap/css/bootstrap.rtl.min.css
/var/www/html/assets/vendor/bootstrap/css/bootstrap-grid.rtl.min.css
/var/www/html/assets/vendor/bootstrap/css/bootstrap.min.css.map
[3m#)You_can_write_even_more_files_inside_last_directory
[0m
/var/www/html/assets/vendor/bootstrap/js
/var/www/html/assets/vendor/bootstrap/js/bootstrap.bundle.min.js.map
/var/www/html/assets/vendor/bootstrap/js/bootstrap.bundle.js
/var/www/html/assets/vendor/bootstrap/js/bootstrap.esm.js
/var/www/html/assets/vendor/bootstrap/js/bootstrap.bundle.min.js
/var/www/html/assets/vendor/bootstrap/js/bootstrap.min.js.map
[3m#)You_can_write_even_more_files_inside_last_directory
[0m
/var/www/html/assets/vendor/aos
/var/www/html/assets/vendor/aos/aos.esm.js
/var/www/html/assets/vendor/aos/aos.js
/var/www/html/assets/vendor/aos/aos.css
/var/www/html/assets/vendor/aos/aos.cjs.js
/var/www/html/assets/vendor/aos/aos.js.map
/var/www/html/assets/vendor/swiper
/var/www/html/assets/vendor/swiper/swiper-bundle.min.js
/var/www/html/assets/vendor/swiper/swiper-bundle.min.css
/var/www/html/assets/vendor/swiper/swiper-bundle.min.js.map
/var/www/html/assets/vendor/php-email-form
/var/www/html/assets/vendor/php-email-form/validate.js
/var/www/html/assets/vendor/purecounter
/var/www/html/assets/vendor/purecounter/purecounter_vanilla.js.map
/var/www/html/assets/vendor/purecounter/purecounter_vanilla.js
/var/www/html/assets/vendor/glightbox
/var/www/html/assets/vendor/glightbox/css
/var/www/html/assets/vendor/glightbox/css/glightbox.min.css
/var/www/html/assets/vendor/glightbox/css/glightbox.css
/var/www/html/assets/vendor/glightbox/js
/var/www/html/assets/vendor/glightbox/js/glightbox.min.js
/var/www/html/assets/vendor/glightbox/js/glightbox.js
/var/www/html/assets/css
/var/www/html/assets/css/main.css
/var/www/html/assets/js
/var/www/html/assets/js/main.js
/var/www/html/login.php
/var/www/html/template
/var/www/html/template/assets
/var/www/html/template/assets/img
/var/www/html/template/assets/img/testimonials
/var/www/html/template/assets/img/clients
/var/www/html/template/assets/img/blog
/var/www/html/template/assets/img/portfolio
/var/www/html/template/assets/img/team
/var/www/html/template/assets/scss
/var/www/html/template/assets/scss/Readme.txt
/var/www/html/template/assets/vendor
/var/www/html/template/assets/vendor/isotope-layout
/var/www/html/template/assets/vendor/isotope-layout/isotope.pkgd.js
/var/www/html/template/assets/vendor/isotope-layout/isotope.pkgd.min.js
/var/www/html/template/assets/vendor/bootstrap-icons
/var/www/html/template/assets/vendor/bootstrap-icons/bootstrap-icons.json
/var/www/html/template/assets/vendor/bootstrap-icons/bootstrap-icons.css
/var/www/html/template/assets/vendor/bootstrap-icons/bootstrap-icons.scss
/var/www/html/template/assets/vendor/bootstrap-icons/fonts
/var/www/html/template/assets/vendor/bootstrap-icons/fonts/bootstrap-icons.woff2
/var/www/html/template/assets/vendor/bootstrap-icons/fonts/bootstrap-icons.woff
/var/www/html/template/assets/vendor/bootstrap-icons/bootstrap-icons.min.css
/var/www/html/template/assets/vendor/imagesloaded
/var/www/html/template/assets/vendor/imagesloaded/imagesloaded.pkgd.min.js
/var/www/html/template/assets/vendor/bootstrap
/var/www/html/template/assets/vendor/bootstrap/css
/var/www/html/template/assets/vendor/bootstrap/css/bootstrap-grid.rtl.css
/var/www/html/template/assets/vendor/bootstrap/css/bootstrap.min.css
/var/www/html/template/assets/vendor/bootstrap/css/bootstrap.rtl.min.css
/var/www/html/template/assets/vendor/bootstrap/css/bootstrap-grid.rtl.min.css
/var/www/html/template/assets/vendor/bootstrap/css/bootstrap.min.css.map
[3m#)You_can_write_even_more_files_inside_last_directory
[0m
/var/www/html/template/assets/vendor/bootstrap/js
/var/www/html/template/assets/vendor/bootstrap/js/bootstrap.bundle.min.js.map
/var/www/html/template/assets/vendor/bootstrap/js/bootstrap.bundle.js
/var/www/html/template/assets/vendor/bootstrap/js/bootstrap.esm.js
/var/www/html/template/assets/vendor/bootstrap/js/bootstrap.bundle.min.js
/var/www/html/template/assets/vendor/bootstrap/js/bootstrap.min.js.map
[3m#)You_can_write_even_more_files_inside_last_directory
[0m
/var/www/html/template/assets/vendor/aos
/var/www/html/template/assets/vendor/aos/aos.esm.js
/var/www/html/template/assets/vendor/aos/aos.js
/var/www/html/template/assets/vendor/aos/aos.css
/var/www/html/template/assets/vendor/aos/aos.cjs.js
/var/www/html/template/assets/vendor/aos/aos.js.map
/var/www/html/template/assets/vendor/swiper
/var/www/html/template/assets/vendor/swiper/swiper-bundle.min.js
/var/www/html/template/assets/vendor/swiper/swiper-bundle.min.css
/var/www/html/template/assets/vendor/swiper/swiper-bundle.min.js.map
/var/www/html/template/assets/vendor/php-email-form
/var/www/html/template/assets/vendor/php-email-form/validate.js
/var/www/html/template/assets/vendor/purecounter
/var/www/html/template/assets/vendor/purecounter/purecounter_vanilla.js.map
/var/www/html/template/assets/vendor/purecounter/purecounter_vanilla.js
/var/www/html/template/assets/vendor/glightbox
/var/www/html/template/assets/vendor/glightbox/css
/var/www/html/template/assets/vendor/glightbox/css/glightbox.min.css
/var/www/html/template/assets/vendor/glightbox/css/glightbox.css
/var/www/html/template/assets/vendor/glightbox/js
/var/www/html/template/assets/vendor/glightbox/js/glightbox.min.js
/var/www/html/template/assets/vendor/glightbox/js/glightbox.js
/var/www/html/template/assets/css
/var/www/html/template/assets/css/main.css
/var/www/html/template/assets/js
/var/www/html/template/assets/js/main.js
/var/www/html/template/blog.html
/var/www/html/template/blog-details.html
/var/www/html/template/service-details.html
/var/www/html/template/portfolio-details.html
/var/www/html/template/starter-page.html
[3m#)You_can_write_even_more_files_inside_last_directory
[0m
/var/www/html/template/forms/newsletter.php
/var/www/html/template/forms/contact.php
/var/www/html/template/forms/Readme.txt
/var/www/html/template/index.html
/var/www/html/template/Readme.txt
/var/www/html/template/FlexStart.zip
/var/www/html/index.php
/var/www/html/dashboard
/var/www/html/dashboard/assets
/var/www/html/dashboard/assets/img
/var/www/html/dashboard/assets/img/testimonials
/var/www/html/dashboard/assets/img/clients
/var/www/html/dashboard/assets/img/blog
/var/www/html/dashboard/assets/img/portfolio
/var/www/html/dashboard/assets/img/team
/var/www/html/dashboard/assets/scss
/var/www/html/dashboard/assets/scss/Readme.txt
/var/www/html/dashboard/assets/vendor
/var/www/html/dashboard/assets/vendor/isotope-layout
/var/www/html/dashboard/assets/vendor/isotope-layout/isotope.pkgd.js
/var/www/html/dashboard/assets/vendor/isotope-layout/isotope.pkgd.min.js
/var/www/html/dashboard/assets/vendor/bootstrap-icons
/var/www/html/dashboard/assets/vendor/bootstrap-icons/bootstrap-icons.json
/var/www/html/dashboard/assets/vendor/bootstrap-icons/bootstrap-icons.css
/var/www/html/dashboard/assets/vendor/bootstrap-icons/bootstrap-icons.scss
/var/www/html/dashboard/assets/vendor/bootstrap-icons/fonts
/var/www/html/dashboard/assets/vendor/bootstrap-icons/fonts/bootstrap-icons.woff2
/var/www/html/dashboard/assets/vendor/bootstrap-icons/fonts/bootstrap-icons.woff
/var/www/html/dashboard/assets/vendor/bootstrap-icons/bootstrap-icons.min.css
/var/www/html/dashboard/assets/vendor/imagesloaded
/var/www/html/dashboard/assets/vendor/imagesloaded/imagesloaded.pkgd.min.js
/var/www/html/dashboard/assets/vendor/bootstrap
/var/www/html/dashboard/assets/vendor/bootstrap/css
/var/www/html/dashboard/assets/vendor/bootstrap/css/bootstrap-grid.rtl.css
/var/www/html/dashboard/assets/vendor/bootstrap/css/bootstrap.min.css
/var/www/html/dashboard/assets/vendor/bootstrap/css/bootstrap.rtl.min.css
/var/www/html/dashboard/assets/vendor/bootstrap/css/bootstrap-grid.rtl.min.css
/var/www/html/dashboard/assets/vendor/bootstrap/css/bootstrap.min.css.map
[3m#)You_can_write_even_more_files_inside_last_directory
[0m
/var/www/html/dashboard/assets/vendor/bootstrap/js
/var/www/html/dashboard/assets/vendor/bootstrap/js/bootstrap.bundle.min.js.map
/var/www/html/dashboard/assets/vendor/bootstrap/js/bootstrap.bundle.js
/var/www/html/dashboard/assets/vendor/bootstrap/js/bootstrap.esm.js
/var/www/html/dashboard/assets/vendor/bootstrap/js/bootstrap.bundle.min.js
/var/www/html/dashboard/assets/vendor/bootstrap/js/bootstrap.min.js.map
[3m#)You_can_write_even_more_files_inside_last_directory
[0m
/var/www/html/dashboard/assets/vendor/aos
/var/www/html/dashboard/assets/vendor/aos/aos.esm.js
/var/www/html/dashboard/assets/vendor/aos/aos.js
/var/www/html/dashboard/assets/vendor/aos/aos.css
/var/www/html/dashboard/assets/vendor/aos/aos.cjs.js
/var/www/html/dashboard/assets/vendor/aos/aos.js.map
/var/www/html/dashboard/assets/vendor/swiper
/var/www/html/dashboard/assets/vendor/swiper/swiper-bundle.min.js
/var/www/html/dashboard/assets/vendor/swiper/swiper-bundle.min.css
/var/www/html/dashboard/assets/vendor/swiper/swiper-bundle.min.js.map
/var/www/html/dashboard/assets/vendor/php-email-form
/var/www/html/dashboard/assets/vendor/php-email-form/validate.js
/var/www/html/dashboard/assets/vendor/purecounter
/var/www/html/dashboard/assets/vendor/purecounter/purecounter_vanilla.js.map
/var/www/html/dashboard/assets/vendor/purecounter/purecounter_vanilla.js
/var/www/html/dashboard/assets/vendor/glightbox
/var/www/html/dashboard/assets/vendor/glightbox/css
/var/www/html/dashboard/assets/vendor/glightbox/css/glightbox.min.css
/var/www/html/dashboard/assets/vendor/glightbox/css/glightbox.css
/var/www/html/dashboard/assets/vendor/glightbox/js
/var/www/html/dashboard/assets/vendor/glightbox/js/glightbox.min.js
/var/www/html/dashboard/assets/vendor/glightbox/js/glightbox.js
/var/www/html/dashboard/assets/css
/var/www/html/dashboard/assets/css/main.css
/var/www/html/dashboard/assets/js
/var/www/html/dashboard/assets/js/main.js
/var/www/html/dashboard/output.txt
/var/www/html/dashboard/index.php
/var/www/html/dashboard/linpeas[1;31m.sh[0m
/var/www/html/dashboard/.pkexec
/var/www/html/dashboard/.pkexec/gconv-modules
/var/www/html/dashboard/settings.php
/var/www/html/signup.php
/var/www/html/api
/var/www/html/api/login.php
/var/www/html/api/signout.php
/var/www/html/api/signup.php
/var/www/html/api/upload.php
/var/www/html/api/create-log.php
[3m#)You_can_write_even_more_files_inside_last_directory
[0m


[1;34m                            ╔═════════════════════════╗
════════════════════════════╣ [1;32mOther Interesting Files[1;34m ╠════════════════════════════
[1;34m                            ╚═════════════════════════╝[0m
[1;34m╔══════════╣ [1;32m.sh files in path
[0m[1;34m╚ [1;34m[3mhttps://book.hacktricks.xyz/linux-hardening/privilege-escalation#script-binaries-in-path
[0m/usr/bin[1;32m/gettext.sh[0m
/usr/bin[1;32m/rescan-scsi-bus.sh[0m

[1;34m╔══════════╣ [1;32mExecutable files potentially added by user (limit 70)
[0m2024-06-18+04:20:54.2312690580 /home/marketer/.vscode-server/extensions/github.copilot-1.204.0/dist/tree-sitter.wasm
2024-06-18+04:20:54.2312690580 /home/marketer/.vscode-server/extensions/github.copilot-1.204.0/dist/tree-sitter-typescript.wasm
2024-06-18+04:20:54.2272690760 /home/marketer/.vscode-server/extensions/github.copilot-1.204.0/dist/tree-sitter-tsx.wasm
2024-06-18+04:20:54.2232690940 /home/marketer/.vscode-server/extensions/github.copilot-1.204.0/dist/tree-sitter-ruby.wasm
2024-06-18+04:20:54.2232690940 /home/marketer/.vscode-server/extensions/github.copilot-1.204.0/dist/tree-sitter-python.wasm
2024-06-18+04:20:54.2192691110 /home/marketer/.vscode-server/extensions/github.copilot-1.204.0/dist/tree-sitter-javascript.wasm
2024-06-18+04:20:54.2192691110 /home/marketer/.vscode-server/extensions/github.copilot-1.204.0/dist/tree-sitter-go.wasm
2024-06-18+04:20:54.0872696940 /home/marketer/.vscode-server/extensions/github.copilot-chat-0.16.1/dist/tree-sitter.wasm
2024-06-18+04:20:54.0712697650 /home/marketer/.vscode-server/extensions/github.copilot-chat-0.16.1/dist/tree-sitter-typescript.wasm
2024-06-18+04:20:54.0672697830 /home/marketer/.vscode-server/extensions/github.copilot-chat-0.16.1/dist/tree-sitter-tsx.wasm
2024-06-18+04:20:54.0632698010 /home/marketer/.vscode-server/extensions/github.copilot-chat-0.16.1/dist/tree-sitter-rust.wasm
2024-06-18+04:20:54.0592698180 /home/marketer/.vscode-server/extensions/github.copilot-chat-0.16.1/dist/tree-sitter-ruby.wasm
2024-06-18+04:20:54.0552698360 /home/marketer/.vscode-server/extensions/github.copilot-chat-0.16.1/dist/tree-sitter-python.wasm
2024-06-18+04:20:54.0512698540 /home/marketer/.vscode-server/extensions/github.copilot-chat-0.16.1/dist/tree-sitter-javascript.wasm
2024-06-18+04:20:54.0432698890 /home/marketer/.vscode-server/extensions/github.copilot-chat-0.16.1/dist/tree-sitter-java.wasm
2024-06-18+04:20:54.0312699420 /home/marketer/.vscode-server/extensions/github.copilot-chat-0.16.1/dist/tree-sitter-go.wasm
2024-06-18+04:20:54.0272699590 /home/marketer/.vscode-server/extensions/github.copilot-chat-0.16.1/dist/tree-sitter-cpp.wasm
2024-06-18+04:20:54.0032700660 /home/marketer/.vscode-server/extensions/github.copilot-chat-0.16.1/dist/tree-sitter-c-sharp.wasm
2024-06-18+04:20:53.9592702600 /home/marketer/.vscode-server/extensions/github.copilot-1.204.0/dist/compiled/linux/x64/kerberos.node
2024-06-18+04:20:53.9272704010 /home/marketer/.vscode-server/extensions/github.copilot-1.204.0/dist/compiled/linux/arm64/kerberos.node
2024-06-18+04:20:53.9112704720 /home/marketer/.vscode-server/extensions/github.copilot-1.204.0/dist/compiled/darwin/x64/kerberos.node
2024-06-18+04:20:53.9112704720 /home/marketer/.vscode-server/extensions/github.copilot-1.204.0/dist/compiled/darwin/arm64/kerberos.node
2024-06-18+04:18:52.5998089600 /var/www/html/dashboard/assets/vendor/php-email-form/validate.js
2024-06-18+04:10:02.3543181310 /var/www/html/assets/vendor/php-email-form/validate.js
2024-06-18+03:47:01.7699236850 /usr/sbin/policy-rc.d

[1;34m╔══════════╣ [1;32mUnexpected in /opt (usually empty)
[0mtotal 12
drwxr-xr-x  3 root root 4096 Jun 18 03:55 .
drwxr-xr-x 20 root root 4096 Jun 18 03:46 ..
drwxr-xr-x  2 root root 4096 Jun 18 03:55 connection

[1;34m╔══════════╣ [1;32mUnexpected in root
[0m[1;31m/swap.img[0m

[1;34m╔══════════╣ [1;32mModified interesting files in the last 5mins (limit 100)
[0m/var/backups/alternatives.tar.0
/var/snap/lxd/common/lxd.pid
/var/snap/lxd/common/lxc/local.conf
/var/snap/lxd/common/lxcfs.pid
/var/snap/lxd/common/state
/var/log/journal/d199fee9ebd5451699a11e742e41d94c/system.journal
/var/log/journal/d199fee9ebd5451699a11e742e41d94c/user-1000.journal
/var/log/kern.log
/var/log/syslog
/var/log/auth.log
[1;31m/var/www/html/dashboard[0m/output.txt
[1;31m/var/www/html/dashboard/.pkexec[0m/gconv-modules
[1;31m/home/marketer[0m/.viminfo
[1;31m/home/marketer/snap/lxd/common/config[0m/config.yml
[1;31m/home/marketer/.vscode-server/data/logs/20240618T035903/exthost1[0m/vscode.git/Git.log
[1;31m/home/marketer/.gnupg[0m/trustdb.gpg
[1;31m/home/marketer/.gnupg[0m/pubring.kbx

[1;34m╔══════════╣ [1;32mWritable log files (logrotten) (limit 50)
[0m[1;34m╚ [1;34m[3mhttps://book.hacktricks.xyz/linux-hardening/privilege-escalation#logrotate-exploitation
[0mlogrotate 3.14.0

    Default mail command:       /usr/bin/mail
    Default compress command:   /bin/gzip
    Default uncompress command: /bin/gunzip
    Default compress extension: .gz
    Default state file path:    /var/lib/logrotate/status
    ACL support:                yes
    SELinux support:            yes
Writable:[1;31m /home/marketer/.vscode-server/.cli.89de5a8d4d6205e5b11647eb6a74844ca23d2573.log
[0mWritable:[1;31m /home/marketer/.vscode-server/data/logs/20240618T035903/remoteagent.log
[0mWritable:[1;31m /home/marketer/.vscode-server/data/logs/20240618T035903/ptyhost.log
[0mWritable:[1;31m /home/marketer/.vscode-server/data/logs/20240618T035903/exthost1/remoteexthost.log
[0mWritable:[1;31m /home/marketer/.vscode-server/data/logs/20240618T035903/exthost1/GitHub.copilot-chat/GitHub Copilot Chat.log
[0mWritable:[1;31m /home/marketer/.vscode-server/data/logs/20240618T035903/exthost1/GitHub.copilot/GitHub Copilot.log
[0mWritable:[1;31m /home/marketer/.vscode-server/data/logs/20240618T035903/exthost1/output_logging_20240618T035905/2-GitHub Copilot Log.log
[0mWritable:[1;31m /home/marketer/.vscode-server/data/logs/20240618T035903/exthost1/output_logging_20240618T035905/1-HTML Language Server.log
[0mWritable:[1;31m /home/marketer/.vscode-server/data/logs/20240618T035903/exthost1/vscode.git/Git.log
[0mWritable:[1;31m /home/marketer/.vscode-server/data/logs/20240618T035903/exthost1/vscode.github/GitHub.log
[0mWritable:[1;31m /home/marketer/.vscode-server/data/logs/20240618T035903/network.log
[0m
[1;34m╔══════════╣ [1;32mFiles inside /home/marketer (limit 20)
[0mtotal 52
drwxr-xr-x 8 marketer marketer 4096 Jun 18 06:22 .
drwxr-xr-x 3 root     root     4096 Jun 18 03:48 ..
-rw-r--r-- 1 marketer marketer  220 Feb 25  2020 .bash_logout
-rw-r--r-- 1 marketer marketer 3771 Feb 25  2020 .bashrc
drwx------ 3 marketer marketer 4096 Jun 18 03:59 .cache
drwxrwxr-x 3 marketer marketer 4096 Jun 18 04:20 .dotnet
drwx------ 3 marketer marketer 4096 Jun 18 06:25 .gnupg
-rw-r--r-- 1 marketer marketer  807 Feb 25  2020 .profile
drwx------ 3 marketer marketer 4096 Jun 18 06:22 snap
drwx------ 2 marketer marketer 4096 Jun 18 03:48 .ssh
-rw-r--r-- 1 marketer marketer    0 Jun 18 03:49 .sudo_as_admin_successful
-rw------- 1 marketer marketer 1083 Jun 18 06:22 .viminfo
drwxrwxr-x 5 marketer marketer 4096 Jun 18 03:59 .vscode-server
-rw-rw-r-- 1 marketer marketer  183 Jun 18 03:58 .wget-hsts

[1;34m╔══════════╣ [1;32mFiles inside others home (limit 20)
[0m/var/www/html/assets/img/alt-features.png
/var/www/html/assets/img/logo.png
/var/www/html/assets/img/testimonials/testimonials-4.jpg
/var/www/html/assets/img/testimonials/testimonials-3.jpg
/var/www/html/assets/img/testimonials/testimonials-1.jpg
/var/www/html/assets/img/testimonials/testimonials-5.jpg
/var/www/html/assets/img/testimonials/testimonials-2.jpg
/var/www/html/assets/img/clients/client-1.png
/var/www/html/assets/img/clients/client-4.png
/var/www/html/assets/img/clients/client-5.png
/var/www/html/assets/img/clients/client-7.png
/var/www/html/assets/img/clients/client-8.png
/var/www/html/assets/img/clients/client-2.png
/var/www/html/assets/img/clients/client-6.png
/var/www/html/assets/img/clients/client-3.png
/var/www/html/assets/img/values-3.png
/var/www/html/assets/img/hero-img.png
/var/www/html/assets/img/blog/blog-recent-2.jpg
/var/www/html/assets/img/blog/blog-recent-3.jpg
/var/www/html/assets/img/blog/comments-4.jpg

[1;34m╔══════════╣ [1;32mSearching installed mail applications
[0m
[1;34m╔══════════╣ [1;32mMails (limit 50)
[0m
[1;34m╔══════════╣ [1;32mBackup files (limited 100)
[0m-rw-r--r-- 1 root root 1802 Feb 15  2022 /usr/lib/python3/dist-packages/sos/report/plugins/ovirt_engine_[1;31mbackup[0m.py
-rw-r--r-- 1 root root 1413 Aug 31  2022 /usr/lib/python3/dist-packages/sos/report/plugins/__pycache__/ovirt_engine_[1;31mbackup[0m.cpython-38.pyc
-rw-r--r-- 1 root root 39448 May 22 16:16 /usr/lib/mysql/plugin/component_mysql[1;31mbackup[0m.so
-rw-r--r-- 1 root root 44048 Aug 16  2022 /usr/lib/x86_64-linux-gnu/open-vm-tools/plugins/vmsvc/libvm[1;31mbackup[0m.so
-rw-r--r-- 1 root root 9073 Apr 26 12:01 /usr/lib/modules/5.4.0-186-generic/kernel/drivers/net/team/team_mode_active[1;31mbackup[0m.ko
-rw-r--r-- 1 root root 9833 Apr 26 12:01 /usr/lib/modules/5.4.0-186-generic/kernel/drivers/power/supply/wm831x_[1;31mbackup[0m.ko
-rw-r--r-- 1 root root 2756 Feb 13  2020 /usr/share/man/man8/vgcfg[1;31mbackup[0m.8.gz
-rwxr-xr-x 1 root root 226 Feb 17  2020 /usr/share/byobu/desktop/byobu.desktop[1;31m.old[0m
-rw-r--r-- 1 root root 11070 Jun 18 03:46 /usr/share/info/dir[1;31m.old[0m
-rw-r--r-- 1 root root 392817 Feb  9  2020 /usr/share/doc/manpages/Changes[1;31m.old[0m.gz
-rw-r--r-- 1 root root 7867 Jul 16  1996 /usr/share/doc/telnet/README[1;31m.old[0m.gz
-rw-r--r-- 1 root root 237658 Apr 26 12:01 /usr/src/linux-headers-5.4.0-186-generic/.config[1;31m.old[0m
-rw-r--r-- 1 root root 0 Apr 26 12:01 /usr/src/linux-headers-5.4.0-186-generic/include/config/net/team/mode/active[1;31mbackup[0m.h
-rw-r--r-- 1 root root 0 Apr 26 12:01 /usr/src/linux-headers-5.4.0-186-generic/include/config/wm831x/[1;31mbackup[0m.h
-rwxr-xr-x 1 root root 1086 Nov 25  2019 /usr/src/linux-headers-5.4.0-186/tools/testing/selftests/net/tcp_fastopen_[1;31mbackup[0m_key.sh
-rw-r--r-- 1 root root 2743 Aug 31  2022 /etc/apt/sources.list.curtin[1;31m.old[0m

[1;34m╔══════════╣ [1;32mSearching tables inside readable .db/.sql/.sqlite files (limit 100)
[0mFound /var/lib/command-not-found/commands[1;31m.db[0m: SQLite 3.x database, last written using SQLite version 3031001
Found /var/lib/PackageKit/transactions[1;31m.db[0m: SQLite 3.x database, last written using SQLite version 3031001

[1;32m -> Extracting tables from[0m /var/lib/command-not-found/commands.db [1;90m(limit 20)
[0m[1;32m -> Extracting tables from[0m /var/lib/PackageKit/transactions.db [1;90m(limit 20)
[0m
[1;34m╔══════════╣ [1;32mWeb files?(output limit)
[0m/var/www/:
total 12K
drwxr-xr-x  3 root     root     4.0K Jun 18 03:52 .
drwxr-xr-x 14 root     root     4.0K Jun 18 03:52 ..
drwxr-xr-x  6 marketer marketer 4.0K Jun 18 04:10 html

/var/www/html:
total 92K
drwxr-xr-x 6 marketer marketer 4.0K Jun 18 04:10 .
drwxr-xr-x 3 root     root     4.0K Jun 18 03:52 ..

[1;34m╔══════════╣ [1;32mAll relevant hidden files (not in /sys/ or the ones listed in the previous check) (limit 70)
[0m-rw------- 1 root root 0 Aug  5  2022 /snap/core20/1611/etc/.pwd.lock
-rw-r--r-- 1 root root 220 Feb 25  2020 /snap/core20/1611/etc/skel/.bash_logout
-rw-r--r-- 1 landscape landscape 0 Aug 31  2022 /var/lib/landscape/.cleanup.user
-rw-r--r-- 1 root root 220 Feb 25  2020 /etc/skel/.bash_logout
-rw------- 1 root root 0 Aug 31  2022 /etc/.pwd.lock
-rw-r--r-- 1 marketer marketer 220 Feb 25  2020 /home/marketer/.bash_logout
-rw-rw-r-- 1 marketer marketer 183 Jun 18 03:58 /home/marketer/.wget-hsts
-rw-rw-r-- 1 marketer marketer 666 Jun 18 03:59 /home/marketer/.vscode-server/.cli.89de5a8d4d6205e5b11647eb6a74844ca23d2573.log
-rw-rw-r-- 1 marketer marketer 8 Jun  4 18:48 /home/marketer/.vscode-server/cli/servers/Stable-89de5a8d4d6205e5b11647eb6a74844ca23d2573/server/extensions/markdown-language-features/.eslintignore
-rw------- 1 root root 0 Jun 18 03:48 /run/snapd/lock/.lock
-rw-r--r-- 1 root root 20 Jun 18 03:48 /run/cloud-init/.instance-id
-rw-r--r-- 1 root root 2 Jun 18 03:53 /run/cloud-init/.ds-identify.result

[1;34m╔══════════╣ [1;32mReadable files inside /tmp, /var/tmp, /private/tmp, /private/var/at/tmp, /private/var/tmp, and backup folders (limit 70)
[0m-rw-r--r-- 1 root root 51200 Jun 18 06:25 /var/backups/alternatives.tar.0

[1;34m╔══════════╣ [1;32mSearching passwords in history files
[0mBinary file /usr/share/openlayers/theme/default/img/navigation_history.png matches

[1;34m╔══════════╣ [1;32mSearching passwords in config PHP files
[0m/etc/phpmyadmin/config.inc.php:    // $cfg['Servers'][$i]['AllowNo[1;31mPassw[0mord'] = TRUE;
/etc/phpmyadmin/config.inc.php:// $cfg['Servers'][$i]['AllowNo[1;31mPassw[0mord'] = TRUE;
/usr/share/doc/phpmyadmin/examples/config.sample.inc.php:$cfg['Servers'][$i]['AllowNo[1;31mPassw[0mord'] = false;
/usr/share/phpmyadmin/config.sample.inc.php:$cfg['Servers'][$i]['AllowNo[1;31mPassw[0mord'] = false;
/usr/share/phpmyadmin/libraries/config.default.php:$cfg['Servers'][$i]['AllowNo[1;31mPassw[0mord'] = false;
/usr/share/phpmyadmin/libraries/config.default.php:$cfg['ShowChg[1;31mPassw[0mord'] = true;
/var/www/html/dashboard/settings.php:                    <form action="/api/change-[1;31mpassw[0mord.php" method="POST">
/var/www/html/dashboard/settings.php:                            <input type="[1;31mpassw[0mord" class="form-control" id="new-[1;31mpassw[0mord" name="new[1;31mpassw[0mord">
/var/www/html/dashboard/settings.php:                            <label for="confirm-[1;31mpassw[0mord" class="form-label">Confirm [1;31mPassw[0mord</label>
/var/www/html/dashboard/settings.php:                            <label for="new-[1;31mpassw[0mord" class="form-label">New [1;31mPassw[0mord</label>

[1;34m╔══════════╣ [1;32mSearching *password* or *credential* files in home (limit 70)
[0m/etc/pam.d/common-[1;31mpassword[0m
/usr/bin/systemd-ask-[1;31mpassword[0m
/usr/bin/systemd-tty-ask-[1;31mpassword[0m-agent
/usr/lib/git-core/git-[1;31mcredential[0m
/usr/lib/git-core/git-[1;31mcredential[0m-cache
/usr/lib/git-core/git-[1;31mcredential[0m-cache--daemon
/usr/lib/git-core/git-[1;31mcredential[0m-store
  #)[3mThere are more creds/passwds files in the previous parent folder[0m

/usr/lib/grub/i386-pc/[1;31mpassword[0m.mod
/usr/lib/grub/i386-pc/[1;31mpassword[0m_pbkdf2.mod
/usr/lib/mysql/plugin/component_validate_[1;31mpassword[0m.so
/usr/lib/mysql/plugin/validate_[1;31mpassword[0m.so
/usr/lib/python3/dist-packages/cloudinit/config/cc_set_[1;31mpassword[0ms.py
/usr/lib/python3/dist-packages/cloudinit/config/__pycache__/cc_set_[1;31mpassword[0ms.cpython-38.pyc
/usr/lib/python3/dist-packages/keyring/[1;31mcredential[0ms.py
/usr/lib/python3/dist-packages/keyring/__pycache__/[1;31mcredential[0ms.cpython-38.pyc
/usr/lib/python3/dist-packages/launchpadlib/[1;31mcredential[0ms.py
/usr/lib/python3/dist-packages/launchpadlib/__pycache__/[1;31mcredential[0ms.cpython-38.pyc
/usr/lib/python3/dist-packages/launchpadlib/tests/__pycache__/test_[1;31mcredential[0m_store.cpython-38.pyc
/usr/lib/python3/dist-packages/launchpadlib/tests/test_[1;31mcredential[0m_store.py
/usr/lib/python3/dist-packages/oauthlib/oauth2/rfc6749/grant_types/client_[1;31mcredential[0ms.py
/usr/lib/python3/dist-packages/oauthlib/oauth2/rfc6749/grant_types/__pycache__/client_[1;31mcredential[0ms.cpython-38.pyc
/usr/lib/python3/dist-packages/oauthlib/oauth2/rfc6749/grant_types/__pycache__/resource_owner_[1;31mpassword[0m_credentials.cpython-38.pyc
/usr/lib/python3/dist-packages/oauthlib/oauth2/rfc6749/grant_types/resource_owner_[1;31mpassword[0m_credentials.py
/usr/lib/python3/dist-packages/twisted/cred/[1;31mcredential[0ms.py
/usr/lib/python3/dist-packages/twisted/cred/__pycache__/[1;31mcredential[0ms.cpython-38.pyc
/usr/lib/systemd/systemd-reply-[1;31mpassword[0m
/usr/lib/systemd/system/multi-user.target.wants/systemd-ask-[1;31mpassword[0m-wall.path
/usr/lib/systemd/system/sysinit.target.wants/systemd-ask-[1;31mpassword[0m-console.path
/usr/lib/systemd/system/systemd-ask-[1;31mpassword[0m-console.path
/usr/lib/systemd/system/systemd-ask-[1;31mpassword[0m-console.service
/usr/lib/systemd/system/systemd-ask-[1;31mpassword[0m-plymouth.path
/usr/lib/systemd/system/systemd-ask-[1;31mpassword[0m-plymouth.service
  #)[3mThere are more creds/passwds files in the previous parent folder[0m

/usr/share/doc/git/contrib/[1;31mcredential[0m/gnome-keyring/git-credential-gnome-keyring.c
/usr/share/doc/git/contrib/[1;31mcredential[0m/libsecret/git-credential-libsecret.c
/usr/share/doc/git/contrib/[1;31mcredential[0m/netrc/git-credential-netrc
/usr/share/doc/git/contrib/[1;31mcredential[0m/netrc/t-git-credential-netrc.sh
/usr/share/doc/git/contrib/[1;31mcredential[0m/osxkeychain/git-credential-osxkeychain.c
/usr/share/doc/git/contrib/[1;31mcredential[0m/wincred/git-credential-wincred.c
/usr/share/doc/openvpn/examples/sample-keys/ca.key
/usr/share/doc/openvpn/examples/sample-keys/client-ec.key
/usr/share/doc/openvpn/examples/sample-keys/client.key
/usr/share/doc/openvpn/examples/sample-keys/client-pass.key
  #)[3mThere are more creds/passwds files in the previous parent folder[0m


[1;34m╔══════════╣ [1;32mChecking for TTY (sudo/su) passwords in audit logs
[0m
[1;34m╔══════════╣ [1;32mSearching passwords inside logs (limit 70)
[0m2022-08-31 06:52:39 configure base-[1;31mpassw[0md:amd64 3.5.47 3.5.47
2022-08-31 06:52:39 install base-[1;31mpassw[0md:amd64 <none> 3.5.47
2022-08-31 06:52:39 status half-configured base-[1;31mpassw[0md:amd64 3.5.47
2022-08-31 06:52:39 status half-installed base-[1;31mpassw[0md:amd64 3.5.47
2022-08-31 06:52:39 status installed base-[1;31mpassw[0md:amd64 3.5.47
2022-08-31 06:52:39 status unpacked base-[1;31mpassw[0md:amd64 3.5.47
2022-08-31 06:52:41 status half-configured base-[1;31mpassw[0md:amd64 3.5.47
2022-08-31 06:52:41 status half-installed base-[1;31mpassw[0md:amd64 3.5.47
2022-08-31 06:52:41 status unpacked base-[1;31mpassw[0md:amd64 3.5.47
2022-08-31 06:52:41 upgrade base-[1;31mpassw[0md:amd64 3.5.47 3.5.47
2022-08-31 06:52:44 install [1;31mpassw[0md:amd64 <none> 1:4.8.1-1ubuntu5
2022-08-31 06:52:44 status half-installed [1;31mpassw[0md:amd64 1:4.8.1-1ubuntu5
2022-08-31 06:52:44 status unpacked [1;31mpassw[0md:amd64 1:4.8.1-1ubuntu5
2022-08-31 06:52:45 configure base-[1;31mpassw[0md:amd64 3.5.47 <none>
2022-08-31 06:52:45 status half-configured base-[1;31mpassw[0md:amd64 3.5.47
2022-08-31 06:52:45 status installed base-[1;31mpassw[0md:amd64 3.5.47
2022-08-31 06:52:45 status unpacked base-[1;31mpassw[0md:amd64 3.5.47
2022-08-31 06:52:46 configure [1;31mpassw[0md:amd64 1:4.8.1-1ubuntu5 <none>
2022-08-31 06:52:46 status half-configured [1;31mpassw[0md:amd64 1:4.8.1-1ubuntu5
2022-08-31 06:52:46 status installed [1;31mpassw[0md:amd64 1:4.8.1-1ubuntu5
2022-08-31 06:52:46 status unpacked [1;31mpassw[0md:amd64 1:4.8.1-1ubuntu5
2022-08-31 06:53:23 configure [1;31mpassw[0md:amd64 1:4.8.1-1ubuntu5.20.04.2 <none>
2022-08-31 06:53:23 status half-configured [1;31mpassw[0md:amd64 1:4.8.1-1ubuntu5
2022-08-31 06:53:23 status half-configured [1;31mpassw[0md:amd64 1:4.8.1-1ubuntu5.20.04.2
2022-08-31 06:53:23 status half-installed [1;31mpassw[0md:amd64 1:4.8.1-1ubuntu5
2022-08-31 06:53:23 status installed [1;31mpassw[0md:amd64 1:4.8.1-1ubuntu5.20.04.2
2022-08-31 06:53:23 status unpacked [1;31mpassw[0md:amd64 1:4.8.1-1ubuntu5
2022-08-31 06:53:23 status unpacked [1;31mpassw[0md:amd64 1:4.8.1-1ubuntu5.20.04.2
2022-08-31 06:53:23 upgrade [1;31mpassw[0md:amd64 1:4.8.1-1ubuntu5 1:4.8.1-1ubuntu5.20.04.2
2024-06-18 03:48:56,250 - util.py[DEBUG]: Writing to /var/lib/cloud/instances/iid-datasource-none/sem/config_set_[1;31mpassw[0mords - wb: [644] 25 bytes
2024-06-18 03:48:56,255 - ssh_util.py[DEBUG]: line 124: option PasswordAuthentication added with yes
2024-06-18 03:48:56,281 - cc_set_[1;31mpassw[0mords.py[DEBUG]: Restarted the SSH daemon.
[    2.491252] systemd[1]: Started Forward Password Requests to Wall Directory Watch.
 base-[1;31mpassw[0md depends on libc6 (>= 2.8); however:
 base-[1;31mpassw[0md depends on libdebconfclient0 (>= 0.145); however:
Binary file /var/log/apt/history.log matches
Binary file /var/log/apt/term.log matches
Binary file /var/log/journal/d199fee9ebd5451699a11e742e41d94c/system.journal matches
dpkg: base-[1;31mpassw[0md: dependency problems, but configuring anyway as you requested:
Jun 18 03:48:51 marketer kernel: [    2.491252] systemd[1]: Started Forward Password Requests to Wall Directory Watch.
Jun 18 03:48:51 marketer systemd[1]: Condition check resulted in Forward Password Requests to Plymouth Directory Watch being skipped.
Jun 18 03:48:51 marketer systemd[1]: Started Dispatch Password Requests to Console Directory Watch.
Jun 18 03:49:16 marketer sudo: marketer : TTY=tty1 ; PWD=/home/marketer ; USER=root ; COMMAND=/usr/bin/su
Jun 18 03:51:44 marketer sudo:     root : TTY=tty1 ; PWD=/root ; USER=root ; COMMAND=/usr/bin/bash
Jun 18 03:51:51 marketer sudo:     root : TTY=tty1 ; PWD=/root ; USER=root ; COMMAND=/usr/bin/bash
Jun 18 03:52:05 marketer sudo:     root : TTY=tty1 ; PWD=/root ; USER=root ; COMMAND=/usr/bin/bash lamp marketer free
Jun 18 03:52:08 marketer sudo:     root : TTY=tty1 ; PWD=/root ; USER=root ; COMMAND=/usr/bin/bash lamp marketer free
Jun 18 03:52:41 marketer sudo:     root : TTY=tty1 ; PWD=/root ; USER=root ; COMMAND=/usr/bin/apt install default-mysql-server apache2 php openvpn
Jun 18 03:52:48 marketer chage[1952]: changed [1;31mpassw[0mord expiry for mysql
Jun 18 03:53:51 marketer sudo:     root : TTY=tty1 ; PWD=/root ; USER=root ; COMMAND=/usr/bin/apt install net-tools
Jun 18 03:54:25 marketer sshd[10644]: Accepted [1;31mpassw[0mord for marketer from 10.32.0.1 port 43036 ssh2
Jun 18 03:54:34 marketer sudo: marketer : TTY=pts/0 ; PWD=/home/marketer ; USER=root ; COMMAND=/usr/bin/su
Jun 18 03:55:39 marketer sudo:     root : TTY=pts/0 ; PWD=/root ; USER=root ; COMMAND=/usr/bin/apt install default-mysql-server apache2 php openvpn
Jun 18 03:55:58 marketer sudo:     root : TTY=pts/0 ; PWD=/root ; USER=root ; COMMAND=/usr/sbin/service openvpn start
Jun 18 03:56:05 marketer sudo:     root : TTY=pts/0 ; PWD=/root ; USER=root ; COMMAND=/usr/sbin/service connection status
Jun 18 03:56:10 marketer sudo:     root : TTY=pts/0 ; PWD=/root ; USER=root ; COMMAND=/usr/sbin/service connection start
Jun 18 03:56:10 marketer sudo:     root : TTY=unknown ; PWD=/root ; USER=root ; COMMAND=/usr/sbin/openvpn /opt/connection/marketer.ovpn
Jun 18 03:58:57 marketer sshd[10936]: Accepted [1;31mpassw[0mord for marketer from 10.14.0.30 port 57942 ssh2
Jun 18 03:59:27 marketer sudo: marketer : TTY=pts/4 ; PWD=/var/www/html ; USER=root ; COMMAND=/usr/bin/rm index.html
Jun 18 03:59:29 marketer sudo: marketer : TTY=pts/4 ; PWD=/var/www/html ; USER=root ; COMMAND=/usr/bin/su
Jun 18 04:00:15 marketer sudo: marketer : TTY=pts/4 ; PWD=/var/www ; USER=root ; COMMAND=/usr/bin/chown marketer:marketer -R html/
Jun 18 04:01:19 marketer sudo: marketer : TTY=pts/4 ; PWD=/var/www/html ; USER=root ; COMMAND=/usr/bin/apt install php
Jun 18 04:01:30 marketer sudo: marketer : TTY=pts/4 ; PWD=/var/www/html ; USER=root ; COMMAND=/usr/bin/apt install tree
Jun 18 04:03:04 marketer sudo: marketer : TTY=pts/4 ; PWD=/var/www/html/dashboard ; USER=root ; COMMAND=/usr/sbin/service apache2 start
Jun 18 04:03:21 marketer sudo: marketer : TTY=pts/4 ; PWD=/var/www/html/dashboard ; USER=root ; COMMAND=/usr/sbin/service apache2 status
Jun 18 04:04:28 marketer sudo: marketer : TTY=pts/4 ; PWD=/var/www/html/dashboard ; USER=root ; COMMAND=/usr/sbin/service apache2 restart
Jun 18 04:08:42 marketer sudo: marketer : TTY=pts/4 ; PWD=/var/www/html/template ; USER=root ; COMMAND=/usr/bin/apt install unzip
Jun 18 04:25:16 marketer sudo: marketer : TTY=pts/4 ; PWD=/var/www/html ; USER=root ; COMMAND=/usr/bin/apt install phpmyadmin
Jun 18 04:26:40 marketer sudo: marketer : TTY=pts/4 ; PWD=/var/www/html ; USER=root ; COMMAND=/usr/bin/apt install phpmyadmin
Jun 18 04:27:42 marketer sudo: marketer : TTY=pts/4 ; PWD=/var/www/html ; USER=root ; COMMAND=/usr/sbin/service phpmyadmin start



[1;34m                                ╔════════════════╗
════════════════════════════════╣ [1;32mAPI Keys Regex[1;34m ╠════════════════════════════════
[1;34m                                ╚════════════════╝[0m
Regexes to search for API keys aren't activated, use param '-r' 


